integrador,dias,error_relativo_energia
euler,0,1.13702e-05
euler,50,0.00133426
euler,100,0.00231022
euler,150,0.0030317
euler,200,0.00377262
euler,250,0.00447038
euler,300,0.00504954
euler,350,0.00560169
euler,400,0.00612786
euler,450,0.00669964
euler,500,0.00717371
euler,550,0.00759733
euler,600,0.00800605
euler,650,0.0084014
euler,700,0.00878024
euler,750,0.00917369
euler,800,0.00955715
euler,850,0.0098857
euler,900,0.0102054
euler,950,0.0105214
euler,1000,0.0108306
euler,1050,0.0111275
euler,1100,0.0114088
euler,1150,0.0116897
euler,1200,0.0119826
euler,1250,0.0122303
euler,1300,0.0124695
euler,1350,0.0127111
euler,1400,0.0129568
euler,1450,0.013203
euler,1500,0.0134431
euler,1550,0.0136715
euler,1600,0.0138866
euler,1650,0.0140965
euler,1700,0.0143245
euler,1750,0.0145267
euler,1800,0.0147156
euler,1850,0.0149056
euler,1900,0.0150996
euler,1950,0.0152969
euler,2000,0.0154943
euler,2050,0.0156875
euler,2100,0.0158732
euler,2150,0.0160506
euler,2200,0.0162211
euler,2250,0.0163883
euler,2300,0.0165655
euler,2350,0.0167547
euler,2400,0.0169243
euler,2450,0.0170917
euler,2500,0.0172614
euler,2550,0.0174332
euler,2600,0.0176051
euler,2650,0.0177749
euler,2700,0.0179408
euler,2750,0.0181021
euler,2800,0.018259
euler,2850,0.0184125
euler,2900,0.0185644
euler,2950,0.0187165
euler,3000,0.0188714
euler,3050,0.0190365
euler,3100,0.0192196
euler,3150,0.0193905
euler,3200,0.0195568
euler,3250,0.0197231
euler,3300,0.0198888
euler,3350,0.020053
euler,3400,0.0202152
euler,3450,0.020375
euler,3500,0.0205326
euler,3550,0.0206887
euler,3600,0.0208441
euler,3650,0.0209999
euler,3700,0.0211568
euler,3750,0.0213155
euler,3800,0.021476
euler,3850,0.0216384
euler,3900,0.0218029
euler,3950,0.0219736
euler,4000,0.0221569
euler,4050,0.0223284
euler,4100,0.0224921
euler,4150,0.0226531
euler,4200,0.0228118
euler,4250,0.0229679
euler,4300,0.0231217
euler,4350,0.0232735
euler,4400,0.0234238
euler,4450,0.023573
euler,4500,0.0237214
euler,4550,0.0238691
euler,4600,0.0240158
euler,4650,0.0241613
euler,4700,0.0243052
euler,4750,0.0244476
euler,4800,0.0245882
euler,4850,0.0247271
euler,4900,0.0248644
euler,4950,0.0250001
euler,5000,0.0251366
euler,5050,0.0252817
euler,5100,0.0254212
euler,5150,0.0255496
euler,5200,0.0256743
euler,5250,0.0257971
euler,5300,0.0259182
euler,5350,0.0260379
euler,5400,0.0261559
euler,5450,0.0262724
euler,5500,0.0263872
euler,5550,0.0265005
euler,5600,0.0266123
euler,5650,0.026723
euler,5700,0.0268326
euler,5750,0.0269413
euler,5800,0.027049
euler,5850,0.0271556
euler,5900,0.0272611
euler,5950,0.0273655
euler,6000,0.0274689
euler,6050,0.0275716
euler,6100,0.0276739
euler,6150,0.027776
euler,6200,0.0278785
euler,6250,0.0279836
euler,6300,0.0280976
euler,6350,0.0282068
euler,6400,0.0283082
euler,6450,0.0284075
euler,6500,0.0285063
euler,6550,0.0286048
euler,6600,0.0287035
euler,6650,0.0288026
euler,6700,0.028902
euler,6750,0.0290017
euler,6800,0.0291017
euler,6850,0.0292019
euler,6900,0.0293023
euler,6950,0.0294031
euler,7000,0.0295044
euler,7050,0.0296062
euler,7100,0.0297087
euler,7150,0.0298119
euler,7200,0.0299158
euler,7250,0.0300204
euler,7300,0.0301257
euler,7350,0.0302318
euler,7400,0.0303386
euler,7450,0.0304464
euler,7500,0.0305553
euler,7550,0.0306653
euler,7600,0.0307768
euler,7650,0.03089
euler,7700,0.0310064
euler,7750,0.0311311
euler,7800,0.0312577
euler,7850,0.0313778
euler,7900,0.0314968
euler,7950,0.0316162
euler,8000,0.0317363
euler,8050,0.0318572
euler,8100,0.0319787
euler,8150,0.0321008
euler,8200,0.0322234
euler,8250,0.0323462
euler,8300,0.0324692
euler,8350,0.0325923
euler,8400,0.0327156
euler,8450,0.0328391
euler,8500,0.0329628
euler,8550,0.0330867
euler,8600,0.0332108
euler,8650,0.033335
euler,8700,0.0334591
euler,8750,0.0335828
euler,8800,0.033706
euler,8850,0.0338284
euler,8900,0.0339499
euler,8950,0.0340703
euler,9000,0.0341894
euler,9050,0.0343072
euler,9100,0.0344236
euler,9150,0.0345384
euler,9200,0.0346516
euler,9250,0.0347632
euler,9300,0.034873
euler,9350,0.0349816
euler,9400,0.0350912
euler,9450,0.0352059
euler,9500,0.0353157
euler,9550,0.0354188
euler,9600,0.0355196
euler,9650,0.0356191
euler,9700,0.0357177
euler,9750,0.0358157
euler,9800,0.035913
euler,9850,0.0360095
euler,9900,0.0361053
euler,9950,0.0362003
euler,10000,0.0362942
euler,10050,0.036387
euler,10100,0.0364787
euler,10150,0.0365693
euler,10200,0.0366588
euler,10250,0.0367472
euler,10300,0.0368346
euler,10350,0.0369209
euler,10400,0.0370063
euler,10450,0.0370907
euler,10500,0.0371742
euler,10550,0.0372571
euler,10600,0.0373394
euler,10650,0.0374213
euler,10700,0.037503
euler,10750,0.0375848
euler,10800,0.0376667
euler,10850,0.037749
euler,10900,0.0378318
euler,10950,0.0379151
euler,11000,0.0379991
euler,11050,0.0380838
euler,11100,0.038169
euler,11150,0.0382549
euler,11200,0.0383413
euler,11250,0.0384282
euler,11300,0.038516
euler,11350,0.0386067
euler,11400,0.0387036
euler,11450,0.0387974
euler,11500,0.0388868
euler,11550,0.0389754
euler,11600,0.0390641
euler,11650,0.0391531
euler,11700,0.0392426
euler,11750,0.0393328
euler,11800,0.0394237
euler,11850,0.0395155
euler,11900,0.0396084
euler,11950,0.0397025
euler,12000,0.0397979
euler,12050,0.0398948
euler,12100,0.0399933
euler,12150,0.0400933
euler,12200,0.0401949
euler,12250,0.040298
euler,12300,0.0404026
euler,12350,0.0405086
euler,12400,0.0406159
euler,12450,0.0407244
euler,12500,0.0408339
euler,12550,0.0409442
euler,12600,0.0410553
euler,12650,0.0411669
euler,12700,0.0412787
euler,12750,0.0413908
euler,12800,0.0415028
euler,12850,0.0416148
euler,12900,0.0417266
euler,12950,0.0418381
euler,13000,0.0419494
euler,13050,0.0420604
euler,13100,0.0421711
euler,13150,0.0422815
euler,13200,0.0423915
euler,13250,0.0425011
euler,13300,0.0426103
euler,13350,0.0427191
euler,13400,0.0428273
euler,13450,0.0429351
euler,13500,0.0430423
euler,13550,0.0431493
euler,13600,0.0432578
euler,13650,0.0433707
euler,13700,0.0434797
euler,13750,0.0435833
euler,13800,0.0436846
euler,13850,0.0437844
euler,13900,0.0438827
euler,13950,0.0439795
euler,14000,0.0440747
euler,14050,0.0441684
euler,14100,0.0442604
euler,14150,0.0443508
euler,14200,0.0444396
euler,14250,0.0445268
euler,14300,0.0446125
euler,14350,0.044697
euler,14400,0.0447802
euler,14450,0.0448623
euler,14500,0.0449435
euler,14550,0.0450239
euler,14600,0.0451036
euler,14650,0.0451827
euler,14700,0.0452614
euler,14750,0.0453397
euler,14800,0.0454177
euler,14850,0.0454954
euler,14900,0.0455729
euler,14950,0.0456502
euler,15000,0.0457273
euler,15050,0.0458041
euler,15100,0.0458807
euler,15150,0.045957
euler,15200,0.046033
euler,15250,0.0461087
euler,15300,0.0461841
euler,15350,0.0462593
euler,15400,0.0463342
euler,15450,0.046409
euler,15500,0.0464836
euler,15550,0.0465581
euler,15600,0.0466325
euler,15650,0.046707
euler,15700,0.0467816
euler,15750,0.0468564
euler,15800,0.0469316
euler,15850,0.0470072
euler,15900,0.0470833
euler,15950,0.0471602
euler,16000,0.0472378
euler,16050,0.0473164
euler,16100,0.0473961
euler,16150,0.0474773
euler,16200,0.0475616
euler,16250,0.0476519
euler,16300,0.0477414
euler,16350,0.0478281
euler,16400,0.0479148
euler,16450,0.0480024
euler,16500,0.048091
euler,16550,0.0481807
euler,16600,0.0482713
euler,16650,0.0483629
euler,16700,0.0484554
euler,16750,0.0485488
euler,16800,0.048643
euler,16850,0.048738
euler,16900,0.0488339
euler,16950,0.0489305
euler,17000,0.049028
euler,17050,0.0491263
euler,17100,0.0492253
euler,17150,0.049325
euler,17200,0.0494254
euler,17250,0.0495264
euler,17300,0.049628
euler,17350,0.0497301
euler,17400,0.0498327
euler,17450,0.0499357
euler,17500,0.050039
euler,17550,0.0501426
euler,17600,0.0502464
euler,17650,0.0503503
euler,17700,0.0504542
euler,17750,0.050558
euler,17800,0.0506616
euler,17850,0.0507647
euler,17900,0.0508673
euler,17950,0.0509692
euler,18000,0.0510702
euler,18050,0.0511703
euler,18100,0.0512693
euler,18150,0.051367
euler,18200,0.0514634
euler,18250,0.0515584
euler,18300,0.051652
euler,18350,0.0517442
euler,18400,0.0518349
euler,18450,0.0519242
euler,18500,0.0520121
euler,18550,0.0520987
euler,18600,0.052184
euler,18650,0.0522681
euler,18700,0.0523511
euler,18750,0.052433
euler,18800,0.0525138
euler,18850,0.0525937
euler,18900,0.0526727
euler,18950,0.0527508
euler,19000,0.0528281
euler,19050,0.0529048
euler,19100,0.0529808
euler,19150,0.0530566
euler,19200,0.053133
euler,19250,0.0532128
euler,19300,0.0532934
euler,19350,0.0533692
euler,19400,0.0534428
euler,19450,0.0535156
euler,19500,0.0535879
euler,19550,0.0536597
euler,19600,0.0537311
euler,19650,0.053802
euler,19700,0.0538725
euler,19750,0.0539425
euler,19800,0.0540122
euler,19850,0.0540815
euler,19900,0.0541505
euler,19950,0.0542194
euler,20000,0.054288
euler,20050,0.0543567
euler,20100,0.0544253
euler,20150,0.0544941
euler,20200,0.0545632
euler,20250,0.0546326
euler,20300,0.0547023
euler,20350,0.0547727
euler,20400,0.0548436
euler,20450,0.0549151
euler,20500,0.0549875
euler,20550,0.0550606
euler,20600,0.0551346
euler,20650,0.0552095
euler,20700,0.0552853
euler,20750,0.0553622
euler,20800,0.05544
euler,20850,0.055519
euler,20900,0.055599
euler,20950,0.0556801
euler,21000,0.0557623
euler,21050,0.0558455
euler,21100,0.0559298
euler,21150,0.0560151
euler,21200,0.0561013
euler,21250,0.0561884
euler,21300,0.0562764
euler,21350,0.0563654
euler,21400,0.0564551
euler,21450,0.0565457
euler,21500,0.0566371
euler,21550,0.0567293
euler,21600,0.0568222
euler,21650,0.056916
euler,21700,0.0570105
euler,21750,0.0571057
euler,21800,0.0572016
euler,21850,0.0572981
euler,21900,0.0573953
euler,21950,0.0574929
euler,22000,0.0575911
euler,22050,0.0576897
euler,22100,0.0577887
euler,22150,0.057888
euler,22200,0.0579874
euler,22250,0.058087
euler,22300,0.0581865
euler,22350,0.0582859
euler,22400,0.0583851
euler,22450,0.0584839
euler,22500,0.0585824
euler,22550,0.0586804
euler,22600,0.0587788
euler,22650,0.0588806
euler,22700,0.0589831
euler,22750,0.0590798
euler,22800,0.0591734
euler,22850,0.0592656
euler,22900,0.0593563
euler,22950,0.0594457
euler,23000,0.0595337
euler,23050,0.0596203
euler,23100,0.0597055
euler,23150,0.0597893
euler,23200,0.0598718
euler,23250,0.0599529
euler,23300,0.0600327
euler,23350,0.0601112
euler,23400,0.0601886
euler,23450,0.0602649
euler,23500,0.0603401
euler,23550,0.0604143
euler,23600,0.0604876
euler,23650,0.0605601
euler,23700,0.0606318
euler,23750,0.0607028
euler,23800,0.0607731
euler,23850,0.060843
euler,23900,0.0609124
euler,23950,0.0609814
euler,24000,0.0610501
euler,24050,0.0611185
euler,24100,0.0611866
euler,24150,0.0612546
euler,24200,0.0613223
euler,24250,0.0613898
euler,24300,0.0614572
euler,24350,0.0615244
euler,24400,0.0615914
euler,24450,0.0616582
euler,24500,0.0617249
euler,24550,0.0617914
euler,24600,0.0618577
euler,24650,0.0619239
euler,24700,0.06199
euler,24750,0.0620561
euler,24800,0.0621221
euler,24850,0.0621882
euler,24900,0.0622544
euler,24950,0.0623207
euler,25000,0.0623873
euler,25050,0.0624542
euler,25100,0.0625215
euler,25150,0.0625893
euler,25200,0.0626576
euler,25250,0.0627265
euler,25300,0.0627961
euler,25350,0.0628665
euler,25400,0.0629377
euler,25450,0.0630098
euler,25500,0.0630828
euler,25550,0.0631569
euler,25600,0.063232
euler,25650,0.0633083
euler,25700,0.0633858
euler,25750,0.0634646
euler,25800,0.0635446
euler,25850,0.0636259
euler,25900,0.0637085
euler,25950,0.0637923
euler,26000,0.0638775
euler,26050,0.0639638
euler,26100,0.0640512
euler,26150,0.0641397
euler,26200,0.0642292
euler,26250,0.0643196
euler,26300,0.0644107
euler,26350,0.0645026
euler,26400,0.0645951
euler,26450,0.0646882
euler,26500,0.0647817
euler,26550,0.0648757
euler,26600,0.0649704
euler,26650,0.0650675
euler,26700,0.0651686
euler,26750,0.0652673
euler,26800,0.0653627
euler,26850,0.0654572
euler,26900,0.0655514
euler,26950,0.0656452
euler,27000,0.0657386
euler,27050,0.0658315
euler,27100,0.0659239
euler,27150,0.0660157
euler,27200,0.0661068
euler,27250,0.0661973
euler,27300,0.0662869
euler,27350,0.0663757
euler,27400,0.0664637
euler,27450,0.0665508
euler,27500,0.066637
euler,27550,0.0667223
euler,27600,0.0668067
euler,27650,0.0668901
euler,27700,0.0669726
euler,27750,0.0670542
euler,27800,0.0671348
euler,27850,0.0672144
euler,27900,0.067293
euler,27950,0.0673706
euler,28000,0.0674471
euler,28050,0.0675225
euler,28100,0.0675969
euler,28150,0.0676701
euler,28200,0.0677422
euler,28250,0.0678133
euler,28300,0.0678832
euler,28350,0.0679521
euler,28400,0.06802
euler,28450,0.068087
euler,28500,0.0681531
euler,28550,0.0682184
euler,28600,0.0682829
euler,28650,0.0683467
euler,28700,0.0684099
euler,28750,0.0684726
euler,28800,0.0685347
euler,28850,0.0685965
euler,28900,0.0686579
euler,28950,0.068719
euler,29000,0.0687799
euler,29050,0.0688406
euler,29100,0.0689013
euler,29150,0.0689619
euler,29200,0.0690227
euler,29250,0.0690835
euler,29300,0.0691445
euler,29350,0.0692057
euler,29400,0.0692673
euler,29450,0.0693292
euler,29500,0.0693915
euler,29550,0.0694543
euler,29600,0.0695177
euler,29650,0.0695815
euler,29700,0.069646
euler,29750,0.0697111
euler,29800,0.0697768
euler,29850,0.0698431
euler,29900,0.0699101
euler,29950,0.0699778
euler,30000,0.0700461
euler,30050,0.070115
euler,30100,0.0701846
euler,30150,0.0702549
euler,30200,0.0703259
euler,30250,0.0703975
euler,30300,0.0704699
euler,30350,0.0705431
euler,30400,0.0706171
euler,30450,0.070692
euler,30500,0.0707677
euler,30550,0.0708444
euler,30600,0.070922
euler,30650,0.0710006
euler,30700,0.0710802
euler,30750,0.0711609
euler,30800,0.0712425
euler,30850,0.0713252
euler,30900,0.0714088
euler,30950,0.0714935
euler,31000,0.0715791
euler,31050,0.0716657
euler,31100,0.0717531
euler,31150,0.0718414
euler,31200,0.0719305
euler,31250,0.0720203
euler,31300,0.0721107
euler,31350,0.0722018
euler,31400,0.0722934
euler,31450,0.0723861
euler,31500,0.0724813
euler,31550,0.0725796
euler,31600,0.0726751
euler,31650,0.0727682
euler,31700,0.0728606
euler,31750,0.0729526
euler,31800,0.0730441
euler,31850,0.0731351
euler,31900,0.0732254
euler,31950,0.073315
euler,32000,0.0734038
euler,32050,0.0734916
euler,32100,0.0735783
euler,32150,0.073664
euler,32200,0.0737484
euler,32250,0.0738317
euler,32300,0.0739138
euler,32350,0.0739946
euler,32400,0.0740741
euler,32450,0.0741524
euler,32500,0.0742295
euler,32550,0.0743054
euler,32600,0.0743801
euler,32650,0.0744536
euler,32700,0.0745261
euler,32750,0.0745975
euler,32800,0.0746679
euler,32850,0.0747374
euler,32900,0.0748059
euler,32950,0.0748736
euler,33000,0.0749405
euler,33050,0.0750066
euler,33100,0.075072
euler,33150,0.0751368
euler,33200,0.075201
euler,33250,0.0752646
euler,33300,0.0753278
euler,33350,0.0753906
euler,33400,0.075453
euler,33450,0.0755151
euler,33500,0.0755769
euler,33550,0.0756385
euler,33600,0.0756999
euler,33650,0.0757611
euler,33700,0.0758222
euler,33750,0.0758831
euler,33800,0.0759439
euler,33850,0.0760047
euler,33900,0.0760654
euler,33950,0.076126
euler,34000,0.0761866
euler,34050,0.0762472
euler,34100,0.0763078
euler,34150,0.0763685
euler,34200,0.0764293
euler,34250,0.0764901
euler,34300,0.0765512
euler,34350,0.0766124
euler,34400,0.0766739
euler,34450,0.0767356
euler,34500,0.0767977
euler,34550,0.0768602
euler,34600,0.076923
euler,34650,0.0769864
euler,34700,0.0770504
euler,34750,0.0771149
euler,34800,0.0771801
euler,34850,0.0772461
euler,34900,0.0773128
euler,34950,0.0773803
euler,35000,0.0774487
euler,35050,0.077518
euler,35100,0.0775882
euler,35150,0.0776595
euler,35200,0.0777318
euler,35250,0.0778051
euler,35300,0.0778796
euler,35350,0.0779551
euler,35400,0.0780318
euler,35450,0.0781095
euler,35500,0.0781884
euler,35550,0.0782684
euler,35600,0.0783495
euler,35650,0.0784317
euler,35700,0.0785148
euler,35750,0.0785989
euler,35800,0.0786839
euler,35850,0.0787697
euler,35900,0.0788562
euler,35950,0.0789433
euler,36000,0.0790309
euler,36050,0.079119
euler,36100,0.0792073
euler,36150,0.0792959
euler,36200,0.0793846
euler,36250,0.0794734
euler,36300,0.079562
euler,36350,0.0796505
euler,36400,0.0797387
euler,36450,0.0798265
euler,36500,0.0799138
rk4,0,2.80576e-14
rk4,50,1.60151e-11
rk4,100,6.20292e-11
rk4,150,1.0987e-10
rk4,200,1.19223e-10
rk4,250,1.84459e-10
rk4,300,1.55562e-10
rk4,350,2.48991e-10
rk4,400,2.17854e-10
rk4,450,3.11078e-10
rk4,500,3.54271e-10
rk4,550,3.69838e-10
rk4,600,4.32538e-10
rk4,650,4.11187e-10
rk4,700,4.9783e-10
rk4,750,4.54945e-10
rk4,800,5.603e-10
rk4,850,5.96764e-10
rk4,900,6.19754e-10
rk4,950,6.80629e-10
rk4,1000,6.66131e-10
rk4,1050,7.46541e-10
rk4,1100,6.96481e-10
rk4,1150,8.09381e-10
rk4,1200,8.37751e-10
rk4,1250,8.69633e-10
rk4,1300,9.28001e-10
rk4,1350,9.19516e-10
rk4,1400,9.95414e-10
rk4,1450,9.44194e-10
rk4,1500,1.05831e-09
rk4,1550,1.07594e-09
rk4,1600,1.11924e-09
rk4,1650,1.17539e-09
rk4,1700,1.17209e-09
rk4,1750,1.24381e-09
rk4,1800,1.19646e-09
rk4,1850,1.30743e-09
rk4,1900,1.31218e-09
rk4,1950,1.36857e-09
rk4,2000,1.42171e-09
rk4,2050,1.42377e-09
rk4,2100,1.49257e-09
rk4,2150,1.45201e-09
rk4,2200,1.55614e-09
rk4,2250,1.54621e-09
rk4,2300,1.61806e-09
rk4,2350,1.66771e-09
rk4,2400,1.67472e-09
rk4,2450,1.74074e-09
rk4,2500,1.7086e-09
rk4,2550,1.80528e-09
rk4,2600,1.77997e-09
rk4,2650,1.86709e-09
rk4,2700,1.91235e-09
rk4,2750,1.92546e-09
rk4,2800,1.9892e-09
rk4,2850,1.96473e-09
rk4,2900,2.05392e-09
rk4,2950,2.01545e-09
rk4,3000,2.11651e-09
rk4,3050,2.15581e-09
rk4,3100,2.17545e-09
rk4,3150,2.2371e-09
rk4,3200,2.22012e-09
rk4,3250,2.30294e-09
rk4,3300,2.25493e-09
rk4,3350,2.36539e-09
rk4,3400,2.39744e-09
rk4,3450,2.4256e-09
rk4,3500,2.4849e-09
rk4,3550,2.47391e-09
rk4,3600,2.55154e-09
rk4,3650,2.50029e-09
rk4,3700,2.61461e-09
rk4,3750,2.63672e-09
rk4,3800,2.67503e-09
rk4,3850,2.73227e-09
rk4,3900,2.72704e-09
rk4,3950,2.80025e-09
rk4,4000,2.75067e-09
rk4,4050,2.86346e-09
rk4,4100,2.87387e-09
rk4,4150,2.92471e-09
rk4,4200,2.97897e-09
rk4,4250,2.97878e-09
rk4,4300,3.04884e-09
rk4,4350,3.0054e-09
rk4,4400,3.11245e-09
rk4,4450,3.10845e-09
rk4,4500,3.17395e-09
rk4,4550,3.2253e-09
rk4,4600,3.23027e-09
rk4,4650,3.29719e-09
rk4,4700,3.26152e-09
rk4,4750,3.3614e-09
rk4,4800,3.34235e-09
rk4,4850,3.42328e-09
rk4,4900,3.47031e-09
rk4,4950,3.48091e-09
rk4,5000,3.54572e-09
rk4,5050,3.51822e-09
rk4,5100,3.61019e-09
rk4,5150,3.5766e-09
rk4,5200,3.67254e-09
rk4,5250,3.71455e-09
rk4,5300,3.73129e-09
rk4,5350,3.79362e-09
rk4,5400,3.77377e-09
rk4,5450,3.85921e-09
rk4,5500,3.81446e-09
rk4,5550,3.92154e-09
rk4,5600,3.9567e-09
rk4,5650,3.98135e-09
rk4,5700,4.04172e-09
rk4,5750,4.02829e-09
rk4,5800,4.10774e-09
rk4,5850,4.05716e-09
rk4,5900,4.17079e-09
rk4,5950,4.19721e-09
rk4,6000,4.23097e-09
rk4,6050,4.289e-09
rk4,6100,4.28165e-09
rk4,6150,4.35666e-09
rk4,6200,4.3057e-09
rk4,6250,4.41955e-09
rk4,6300,4.43507e-09
rk4,6350,4.48071e-09
rk4,6400,4.53623e-09
rk4,6450,4.53385e-09
rk4,6500,4.60505e-09
rk4,6550,4.55892e-09
rk4,6600,4.66876e-09
rk4,6650,4.67074e-09
rk4,6700,4.72991e-09
rk4,6750,4.78259e-09
rk4,6800,4.78561e-09
rk4,6850,4.85376e-09
rk4,6900,4.81463e-09
rk4,6950,4.91749e-09
rk4,7000,4.90477e-09
rk4,7050,4.9795e-09
rk4,7100,5.02829e-09
rk4,7150,5.03636e-09
rk4,7200,5.10207e-09
rk4,7250,5.07144e-09
rk4,7300,5.16659e-09
rk4,7350,5.13851e-09
rk4,7400,5.22853e-09
rk4,7450,5.27292e-09
rk4,7500,5.28712e-09
rk4,7550,5.35032e-09
rk4,7600,5.32731e-09
rk4,7650,5.41535e-09
rk4,7700,5.37478e-09
rk4,7750,5.47786e-09
rk4,7800,5.51586e-09
rk4,7850,5.53703e-09
rk4,7900,5.59837e-09
rk4,7950,5.58253e-09
rk4,8000,5.66416e-09
rk4,8050,5.61509e-09
rk4,8100,5.72683e-09
rk4,8150,5.75725e-09
rk4,8200,5.78703e-09
rk4,8250,5.84587e-09
rk4,8300,5.83606e-09
rk4,8350,5.91293e-09
rk4,8400,5.86156e-09
rk4,8450,5.97585e-09
rk4,8500,5.99596e-09
rk4,8550,6.03656e-09
rk4,8600,6.09332e-09
rk4,8650,6.08894e-09
rk4,8700,6.16143e-09
rk4,8750,6.11283e-09
rk4,8800,6.22491e-09
rk4,8850,6.23276e-09
rk4,8900,6.28606e-09
rk4,8950,6.33983e-09
rk4,9000,6.34072e-09
rk4,9050,6.41022e-09
rk4,9100,6.36802e-09
rk4,9150,6.47374e-09
rk4,9200,6.46709e-09
rk4,9250,6.53552e-09
rk4,9300,6.5861e-09
rk4,9350,6.59194e-09
rk4,9400,6.65845e-09
rk4,9450,6.62442e-09
rk4,9500,6.72289e-09
rk4,9550,6.70093e-09
rk4,9600,6.78465e-09
rk4,9650,6.83093e-09
rk4,9700,6.84269e-09
rk4,9750,6.90699e-09
rk4,9800,6.88082e-09
rk4,9850,6.97152e-09
rk4,9900,6.93572e-09
rk4,9950,7.03404e-09
rk4,10000,7.07481e-09
rk4,10050,7.0928e-09
rk4,10100,7.15484e-09
rk4,10150,7.13634e-09
rk4,10200,7.22055e-09
rk4,10250,7.17418e-09
rk4,10300,7.28289e-09
rk4,10350,7.31675e-09
rk4,10400,7.34294e-09
rk4,10450,7.40279e-09
rk4,10500,7.39043e-09
rk4,10550,7.46909e-09
rk4,10600,7.41813e-09
rk4,10650,7.53218e-09
rk4,10700,7.55666e-09
rk4,10750,7.59242e-09
rk4,10800,7.65016e-09
rk4,10850,7.64377e-09
rk4,10900,7.71793e-09
rk4,10950,7.66746e-09
rk4,11000,7.78099e-09
rk4,11050,7.79432e-09
rk4,11100,7.84222e-09
rk4,11150,7.89715e-09
rk4,11200,7.89575e-09
rk4,11250,7.9665e-09
rk4,11300,7.92152e-09
rk4,11350,8.03014e-09
rk4,11400,8.02946e-09
rk4,11450,8.09147e-09
rk4,11500,8.14363e-09
rk4,11550,8.14748e-09
rk4,11600,8.21502e-09
rk4,11650,8.17743e-09
rk4,11700,8.27903e-09
rk4,11750,8.26351e-09
rk4,11800,8.34095e-09
rk4,11850,8.38895e-09
rk4,11900,8.39816e-09
rk4,11950,8.4635e-09
rk4,12000,8.43425e-09
rk4,12050,8.52792e-09
rk4,12100,8.49736e-09
rk4,12150,8.5901e-09
rk4,12200,8.63347e-09
rk4,12250,8.64872e-09
rk4,12300,8.71149e-09
rk4,12350,8.68993e-09
rk4,12400,8.77684e-09
rk4,12450,8.73429e-09
rk4,12500,8.8392e-09
rk4,12550,8.87598e-09
rk4,12600,8.89871e-09
rk4,12650,8.95963e-09
rk4,12700,8.94481e-09
rk4,12750,9.02544e-09
rk4,12800,8.97563e-09
rk4,12850,9.08837e-09
rk4,12900,9.11705e-09
rk4,12950,9.14849e-09
rk4,13000,9.207e-09
rk4,13050,9.19834e-09
rk4,13100,9.27439e-09
rk4,13150,9.22304e-09
rk4,13200,9.33724e-09
rk4,13250,9.35543e-09
rk4,13300,9.39824e-09
rk4,13350,9.45444e-09
rk4,13400,9.45089e-09
rk4,13450,9.52282e-09
rk4,13500,9.47529e-09
rk4,13550,9.58648e-09
rk4,13600,9.59176e-09
rk4,13650,9.64756e-09
rk4,13700,9.7009e-09
rk4,13750,9.70276e-09
rk4,13800,9.77163e-09
rk4,13850,9.73069e-09
rk4,13900,9.83521e-09
rk4,13950,9.826e-09
rk4,14000,9.89715e-09
rk4,14050,9.94691e-09
rk4,14100,9.95368e-09
rk4,14150,1.00199e-08
rk4,14200,9.98737e-09
rk4,14250,1.00843e-08
rk4,14300,1.00597e-08
rk4,14350,1.01461e-08
rk4,14400,1.01917e-08
rk4,14450,1.02045e-08
rk4,14500,1.02682e-08
rk4,14550,1.02434e-08
rk4,14600,1.0333e-08
rk4,14650,1.02951e-08
rk4,14700,1.03955e-08
rk4,14750,1.04351e-08
rk4,14800,1.04544e-08
rk4,14850,1.05162e-08
rk4,14900,1.04989e-08
rk4,14950,1.05819e-08
rk4,15000,1.05342e-08
rk4,15050,1.06444e-08
rk4,15100,1.06769e-08
rk4,15150,1.07046e-08
rk4,15200,1.07639e-08
rk4,15250,1.07527e-08
rk4,15300,1.08306e-08
rk4,15350,1.07794e-08
rk4,15400,1.08936e-08
rk4,15450,1.09163e-08
rk4,15500,1.09541e-08
rk4,15550,1.10115e-08
rk4,15600,1.10059e-08
rk4,15650,1.10793e-08
rk4,15700,1.10296e-08
rk4,15750,1.11426e-08
rk4,15800,1.11537e-08
rk4,15850,1.12038e-08
rk4,15900,1.12582e-08
rk4,15950,1.12578e-08
rk4,16000,1.13281e-08
rk4,16050,1.12842e-08
rk4,16100,1.13916e-08
rk4,16150,1.13884e-08
rk4,16200,1.14532e-08
rk4,16250,1.15047e-08
rk4,16300,1.15093e-08
rk4,16350,1.15764e-08
rk4,16400,1.15404e-08
rk4,16450,1.16407e-08
rk4,16500,1.16224e-08
rk4,16550,1.17024e-08
rk4,16600,1.17497e-08
rk4,16650,1.17601e-08
rk4,16700,1.18249e-08
rk4,16750,1.1797e-08
rk4,16800,1.18893e-08
rk4,16850,1.18565e-08
rk4,16900,1.19518e-08
rk4,16950,1.1994e-08
rk4,17000,1.20103e-08
rk4,17050,1.20728e-08
rk4,17100,1.20526e-08
rk4,17150,1.21384e-08
rk4,17200,1.20941e-08
rk4,17250,1.22007e-08
rk4,17300,1.22363e-08
rk4,17350,1.22605e-08
rk4,17400,1.2321e-08
rk4,17450,1.23071e-08
rk4,17500,1.2387e-08
rk4,17550,1.23366e-08
rk4,17600,1.245e-08
rk4,17650,1.24769e-08
rk4,17700,1.25101e-08
rk4,17750,1.25684e-08
rk4,17800,1.25607e-08
rk4,17850,1.26359e-08
rk4,17900,1.25848e-08
rk4,17950,1.26988e-08
rk4,18000,1.27151e-08
rk4,18050,1.276e-08
rk4,18100,1.28156e-08
rk4,18150,1.28129e-08
rk4,18200,1.28844e-08
rk4,18250,1.28379e-08
rk4,18300,1.29481e-08
rk4,18350,1.29508e-08
rk4,18400,1.30092e-08
rk4,18450,1.30621e-08
rk4,18500,1.30648e-08
rk4,18550,1.3133e-08
rk4,18600,1.30935e-08
rk4,18650,1.31968e-08
rk4,18700,1.3185e-08
rk4,18750,1.32588e-08
rk4,18800,1.33078e-08
rk4,18850,1.33155e-08
rk4,18900,1.33814e-08
rk4,18950,1.33503e-08
rk4,19000,1.34458e-08
rk4,19050,1.34186e-08
rk4,19100,1.35078e-08
rk4,19150,1.35525e-08
rk4,19200,1.35663e-08
rk4,19250,1.36296e-08
rk4,19300,1.36062e-08
rk4,19350,1.36947e-08
rk4,19400,1.36547e-08
rk4,19450,1.37571e-08
rk4,19500,1.37955e-08
rk4,19550,1.38163e-08
rk4,19600,1.38778e-08
rk4,19650,1.38614e-08
rk4,19700,1.39434e-08
rk4,19750,1.38948e-08
rk4,19800,1.40062e-08
rk4,19850,1.40372e-08
rk4,19900,1.40663e-08
rk4,19950,1.41253e-08
rk4,20000,1.41152e-08
rk4,20050,1.41924e-08
rk4,20100,1.41409e-08
rk4,20150,1.42552e-08
rk4,20200,1.42761e-08
rk4,20250,1.4316e-08
rk4,20300,1.43729e-08
rk4,20350,1.43681e-08
rk4,20400,1.44408e-08
rk4,20450,1.4392e-08
rk4,20500,1.45044e-08
rk4,20550,1.45131e-08
rk4,20600,1.45654e-08
rk4,20650,1.46194e-08
rk4,20700,1.462e-08
rk4,20750,1.46897e-08
rk4,20800,1.46469e-08
rk4,20850,1.47531e-08
rk4,20900,1.47476e-08
rk4,20950,1.4815e-08
rk4,21000,1.48657e-08
rk4,21050,1.48712e-08
rk4,21100,1.49379e-08
rk4,21150,1.49034e-08
rk4,21200,1.50023e-08
rk4,21250,1.49813e-08
rk4,21300,1.5064e-08
rk4,21350,1.51107e-08
rk4,21400,1.5122e-08
rk4,21450,1.51864e-08
rk4,21500,1.51597e-08
rk4,21550,1.52509e-08
rk4,21600,1.52161e-08
rk4,21650,1.53135e-08
rk4,21700,1.53546e-08
rk4,21750,1.53721e-08
rk4,21800,1.54344e-08
rk4,21850,1.54154e-08
rk4,21900,1.55e-08
rk4,21950,1.54542e-08
rk4,22000,1.55624e-08
rk4,22050,1.55969e-08
rk4,22100,1.56224e-08
rk4,22150,1.56823e-08
rk4,22200,1.56696e-08
rk4,22250,1.57487e-08
rk4,22300,1.56978e-08
rk4,22350,1.58117e-08
rk4,22400,1.58369e-08
rk4,22450,1.58719e-08
rk4,22500,1.59299e-08
rk4,22550,1.59231e-08
rk4,22600,1.59974e-08
rk4,22650,1.59468e-08
rk4,22700,1.60606e-08
rk4,22750,1.60748e-08
rk4,22800,1.61217e-08
rk4,22850,1.61768e-08
rk4,22900,1.61751e-08
rk4,22950,1.62461e-08
rk4,23000,1.62006e-08
rk4,23050,1.63096e-08
rk4,23100,1.631e-08
rk4,23150,1.6371e-08
rk4,23200,1.64234e-08
rk4,23250,1.64268e-08
rk4,23300,1.64945e-08
rk4,23350,1.64564e-08
rk4,23400,1.65586e-08
rk4,23450,1.65442e-08
rk4,23500,1.66204e-08
rk4,23550,1.66687e-08
rk4,23600,1.66776e-08
rk4,23650,1.67431e-08
rk4,23700,1.67131e-08
rk4,23750,1.68074e-08
rk4,23800,1.6778e-08
rk4,23850,1.68697e-08
rk4,23900,1.69134e-08
rk4,23950,1.69281e-08
rk4,24000,1.69911e-08
rk4,24050,1.6969e-08
rk4,24100,1.70565e-08
rk4,24150,1.70146e-08
rk4,24200,1.71187e-08
rk4,24250,1.71562e-08
rk4,24300,1.71783e-08
rk4,24350,1.72393e-08
rk4,24400,1.72239e-08
rk4,24450,1.73051e-08
rk4,24500,1.72557e-08
rk4,24550,1.7368e-08
rk4,24600,1.73974e-08
rk4,24650,1.7428e-08
rk4,24700,1.74868e-08
rk4,24750,1.74777e-08
rk4,24800,1.75541e-08
rk4,24850,1.75026e-08
rk4,24900,1.76169e-08
rk4,24950,1.76361e-08
rk4,25000,1.76779e-08
rk4,25050,1.77342e-08
rk4,25100,1.77302e-08
rk4,25150,1.78025e-08
rk4,25200,1.77546e-08
rk4,25250,1.78661e-08
rk4,25300,1.78725e-08
rk4,25350,1.79271e-08
rk4,25400,1.79808e-08
rk4,25450,1.79822e-08
rk4,25500,1.80512e-08
rk4,25550,1.80097e-08
rk4,25600,1.81149e-08
rk4,25650,1.8107e-08
rk4,25700,1.81768e-08
rk4,25750,1.82268e-08
rk4,25800,1.82331e-08
rk4,25850,1.82996e-08
rk4,25900,1.82664e-08
rk4,25950,1.8364e-08
rk4,26000,1.83405e-08
rk4,26050,1.84258e-08
rk4,26100,1.84718e-08
rk4,26150,1.8484e-08
rk4,26200,1.85479e-08
rk4,26250,1.85225e-08
rk4,26300,1.86128e-08
rk4,26350,1.85759e-08
rk4,26400,1.86752e-08
rk4,26450,1.87153e-08
rk4,26500,1.87341e-08
rk4,26550,1.87961e-08
rk4,26600,1.87781e-08
rk4,26650,1.88616e-08
rk4,26700,1.88146e-08
rk4,26750,1.89243e-08
rk4,26800,1.89574e-08
rk4,26850,1.89842e-08
rk4,26900,1.90438e-08
rk4,26950,1.90321e-08
rk4,27000,1.91105e-08
rk4,27050,1.90593e-08
rk4,27100,1.91734e-08
rk4,27150,1.9197e-08
rk4,27200,1.92339e-08
rk4,27250,1.92914e-08
rk4,27300,1.92853e-08
rk4,27350,1.93591e-08
rk4,27400,1.9309e-08
rk4,27450,1.94224e-08
rk4,27500,1.94346e-08
rk4,27550,1.94834e-08
rk4,27600,1.95381e-08
rk4,27650,1.95374e-08
rk4,27700,1.96079e-08
rk4,27750,1.95633e-08
rk4,27800,1.96713e-08
rk4,27850,1.96695e-08
rk4,27900,1.97329e-08
rk4,27950,1.97847e-08
rk4,28000,1.97888e-08
rk4,28050,1.98562e-08
rk4,28100,1.98194e-08
rk4,28150,1.99204e-08
rk4,28200,1.99035e-08
rk4,28250,1.99821e-08
rk4,28300,2.00299e-08
rk4,28350,2.00397e-08
rk4,28400,2.01048e-08
rk4,28450,2.0076e-08
rk4,28500,2.01691e-08
rk4,28550,2.01377e-08
rk4,28600,2.02316e-08
rk4,28650,2.02743e-08
rk4,28700,2.029e-08
rk4,28750,2.03528e-08
rk4,28800,2.03319e-08
rk4,28850,2.04183e-08
rk4,28900,2.03748e-08
rk4,28950,2.04805e-08
rk4,29000,2.0517e-08
rk4,29050,2.05403e-08
rk4,29100,2.06009e-08
rk4,29150,2.05865e-08
rk4,29200,2.06669e-08
rk4,29250,2.06169e-08
rk4,29300,2.07299e-08
rk4,29350,2.07577e-08
rk4,29400,2.07899e-08
rk4,29450,2.08484e-08
rk4,29500,2.08402e-08
rk4,29550,2.09158e-08
rk4,29600,2.08644e-08
rk4,29650,2.09787e-08
rk4,29700,2.09962e-08
rk4,29750,2.10398e-08
rk4,29800,2.10956e-08
rk4,29850,2.10925e-08
rk4,29900,2.11643e-08
rk4,29950,2.11172e-08
rk4,30000,2.12279e-08
rk4,30050,2.12321e-08
rk4,30100,2.12891e-08
rk4,30150,2.13423e-08
rk4,30200,2.13444e-08
rk4,30250,2.14129e-08
rk4,30300,2.13726e-08
rk4,30350,2.14768e-08
rk4,30400,2.14665e-08
rk4,30450,2.15386e-08
rk4,30500,2.1588e-08
rk4,30550,2.15953e-08
rk4,30600,2.16615e-08
rk4,30650,2.16294e-08
rk4,30700,2.17257e-08
rk4,30750,2.17e-08
rk4,30800,2.17878e-08
rk4,30850,2.1833e-08
rk4,30900,2.1846e-08
rk4,30950,2.19096e-08
rk4,31000,2.18854e-08
rk4,31050,2.19747e-08
rk4,31100,2.19359e-08
rk4,31150,2.2037e-08
rk4,31200,2.20762e-08
rk4,31250,2.20962e-08
rk4,31300,2.21579e-08
rk4,31350,2.21408e-08
rk4,31400,2.22234e-08
rk4,31450,2.21754e-08
rk4,31500,2.22862e-08
rk4,31550,2.2318e-08
rk4,31600,2.23461e-08
rk4,31650,2.24054e-08
rk4,31700,2.23947e-08
rk4,31750,2.24724e-08
rk4,31800,2.24209e-08
rk4,31850,2.25351e-08
rk4,31900,2.25572e-08
rk4,31950,2.25959e-08
rk4,32000,2.2653e-08
rk4,32050,2.26476e-08
rk4,32100,2.27208e-08
rk4,32150,2.26715e-08
rk4,32200,2.27844e-08
rk4,32250,2.27944e-08
rk4,32300,2.28453e-08
rk4,32350,2.28997e-08
rk4,32400,2.28998e-08
rk4,32450,2.29697e-08
rk4,32500,2.29261e-08
rk4,32550,2.30331e-08
rk4,32600,2.30293e-08
rk4,32650,2.30949e-08
rk4,32700,2.3146e-08
rk4,32750,2.31509e-08
rk4,32800,2.3218e-08
rk4,32850,2.31826e-08
rk4,32900,2.32823e-08
rk4,32950,2.3263e-08
rk4,33000,2.3344e-08
rk4,33050,2.33913e-08
rk4,33100,2.34019e-08
rk4,33150,2.34665e-08
rk4,33200,2.34389e-08
rk4,33250,2.35311e-08
rk4,33300,2.34976e-08
rk4,33350,2.35935e-08
rk4,33400,2.36353e-08
rk4,33450,2.36521e-08
rk4,33500,2.37146e-08
rk4,33550,2.36948e-08
rk4,33600,2.37801e-08
rk4,33650,2.37352e-08
rk4,33700,2.38425e-08
rk4,33750,2.38778e-08
rk4,33800,2.39024e-08
rk4,33850,2.39625e-08
rk4,33900,2.39491e-08
rk4,33950,2.40288e-08
rk4,34000,2.39783e-08
rk4,34050,2.40917e-08
rk4,34100,2.41181e-08
rk4,34150,2.4152e-08
rk4,34200,2.42102e-08
rk4,34250,2.42027e-08
rk4,34300,2.42775e-08
rk4,34350,2.42266e-08
rk4,34400,2.43407e-08
rk4,34450,2.43563e-08
rk4,34500,2.44017e-08
rk4,34550,2.44571e-08
rk4,34600,2.44549e-08
rk4,34650,2.45263e-08
rk4,34700,2.448e-08
rk4,34750,2.45897e-08
rk4,34800,2.45918e-08
rk4,34850,2.46511e-08
rk4,34900,2.47039e-08
rk4,34950,2.47066e-08
rk4,35000,2.47747e-08
rk4,35050,2.47357e-08
rk4,35100,2.48388e-08
rk4,35150,2.48261e-08
rk4,35200,2.49004e-08
rk4,35250,2.49493e-08
rk4,35300,2.49576e-08
rk4,35350,2.50233e-08
rk4,35400,2.49924e-08
rk4,35450,2.50875e-08
rk4,35500,2.50599e-08
rk4,35550,2.51498e-08
rk4,35600,2.51942e-08
rk4,35650,2.5208e-08
rk4,35700,2.52713e-08
rk4,35750,2.52485e-08
rk4,35800,2.53367e-08
rk4,35850,2.5296e-08
rk4,35900,2.53988e-08
rk4,35950,2.54372e-08
rk4,36000,2.54584e-08
rk4,36050,2.55196e-08
rk4,36100,2.55034e-08
rk4,36150,2.55852e-08
rk4,36200,2.55365e-08
rk4,36250,2.56482e-08
rk4,36300,2.56786e-08
rk4,36350,2.57081e-08
rk4,36400,2.57671e-08
rk4,36450,2.57574e-08
rk4,36500,2.58342e-08
verlet,0,1.84297e-10
verlet,50,5.20169e-07
verlet,100,1.70773e-08
verlet,150,1.02788e-07
verlet,200,5.79727e-08
verlet,250,5.13883e-09
verlet,300,3.62329e-07
verlet,350,1.57554e-08
verlet,400,5.99357e-07
verlet,450,8.98465e-09
verlet,500,1.2755e-07
verlet,550,1.65352e-08
verlet,600,6.94058e-10
verlet,650,2.99461e-07
verlet,700,1.72019e-08
verlet,750,6.20731e-07
verlet,800,2.37795e-08
verlet,850,1.8802e-07
verlet,900,1.05517e-08
verlet,950,8.90346e-09
verlet,1000,2.04991e-07
verlet,1050,1.9457e-08
verlet,1100,6.45609e-07
verlet,1150,2.59989e-08
verlet,1200,2.27467e-07
verlet,1250,1.14003e-08
verlet,1300,1.62417e-08
verlet,1350,1.60011e-07
verlet,1400,3.19401e-08
verlet,1450,6.0031e-07
verlet,1500,2.34387e-08
verlet,1550,3.17261e-07
verlet,1600,2.02489e-08
verlet,1650,8.79974e-09
verlet,1700,1.01348e-07
verlet,1750,1.82896e-08
verlet,1800,5.56429e-07
verlet,1850,3.53103e-08
verlet,1900,3.80808e-07
verlet,1950,1.92919e-08
verlet,2000,5.06479e-08
verlet,2050,6.84627e-08
verlet,2100,3.43961e-08
verlet,2150,4.73226e-07
verlet,2200,1.81301e-08
verlet,2250,4.78494e-07
verlet,2300,3.41617e-08
verlet,2350,5.95371e-08
verlet,2400,4.54833e-08
verlet,2450,1.17158e-08
verlet,2500,3.91988e-07
verlet,2550,3.47985e-08
verlet,2600,5.50119e-07
verlet,2650,1.50159e-08
verlet,2700,1.13568e-07
verlet,2750,1.74799e-08
verlet,2800,2.03079e-08
verlet,2850,3.20004e-07
verlet,2900,1.15542e-08
verlet,2950,6.10815e-07
verlet,3000,3.21267e-08
verlet,3050,1.54205e-07
verlet,3100,2.12921e-08
verlet,3150,3.5248e-09
verlet,3200,2.39241e-07
verlet,3250,2.36869e-08
verlet,3300,6.49142e-07
verlet,3350,5.35411e-09
verlet,3400,2.19577e-07
verlet,3450,2.40627e-09
verlet,3500,1.24233e-08
verlet,3550,1.99605e-07
verlet,3600,5.61535e-09
verlet,3650,6.30988e-07
verlet,3700,1.90451e-08
verlet,3750,2.97697e-07
verlet,3800,1.1682e-08
verlet,3850,2.94773e-08
verlet,3900,1.32879e-07
verlet,3950,8.48802e-09
verlet,4000,6.0834e-07
verlet,4050,1.50083e-09
verlet,4100,3.67922e-07
verlet,4150,8.69805e-09
verlet,4200,5.5885e-08
verlet,4250,1.12148e-07
verlet,4300,8.41516e-09
verlet,4350,5.17832e-07
verlet,4400,1.14173e-08
verlet,4450,4.65e-07
verlet,4500,4.36305e-09
verlet,4550,6.35689e-08
verlet,4600,5.98813e-08
verlet,4650,2.75841e-09
verlet,4700,4.52317e-07
verlet,4750,1.42491e-08
verlet,4800,5.23277e-07
verlet,4850,1.71533e-08
verlet,4900,1.08152e-07
verlet,4950,4.26895e-08
verlet,5000,1.82973e-08
verlet,5050,3.44488e-07
verlet,5100,1.44598e-08
verlet,5150,6.01313e-07
verlet,5200,2.55287e-08
verlet,5250,1.24066e-07
verlet,5300,1.33523e-08
verlet,5350,7.62367e-10
verlet,5400,2.7564e-07
verlet,5450,3.03132e-08
verlet,5500,6.21652e-07
verlet,5550,2.10932e-08
verlet,5600,1.9194e-07
verlet,5650,4.97213e-09
verlet,5700,1.48791e-08
verlet,5750,1.97659e-07
verlet,5800,1.76044e-08
verlet,5850,6.34172e-07
verlet,5900,3.77699e-08
verlet,5950,2.36586e-07
verlet,6000,8.53185e-09
verlet,6050,1.52826e-08
verlet,6100,1.41058e-07
verlet,6150,3.61834e-08
verlet,6200,5.98815e-07
verlet,6250,1.9251e-08
verlet,6300,3.22825e-07
verlet,6350,2.97109e-08
verlet,6400,1.36933e-08
verlet,6450,1.0304e-07
verlet,6500,1.78928e-08
verlet,6550,5.36666e-07
verlet,6600,3.83686e-08
verlet,6650,4.01234e-07
verlet,6700,1.4397e-08
verlet,6750,4.94229e-08
verlet,6800,5.78777e-08
verlet,6850,2.85102e-08
verlet,6900,4.71253e-07
verlet,6950,1.54227e-08
verlet,7000,4.86029e-07
verlet,7050,3.44545e-08
verlet,7100,7.50503e-08
verlet,7150,5.08243e-08
verlet,7200,1.2648e-08
verlet,7250,3.75831e-07
verlet,7300,2.75915e-08
verlet,7350,5.73256e-07
verlet,7400,1.16649e-08
verlet,7450,1.16487e-07
verlet,7500,1.78269e-08
verlet,7550,5.38886e-09
verlet,7600,3.19981e-07
verlet,7650,1.05801e-08
verlet,7700,6.16653e-07
verlet,7750,2.3256e-08
verlet,7800,1.7711e-07
verlet,7850,2.51215e-08
verlet,7900,3.03564e-09
verlet,7950,2.32449e-07
verlet,8000,1.03773e-08
verlet,8050,6.604e-07
verlet,8100,6.93085e-09
verlet,8150,2.27639e-07
verlet,8200,4.14568e-09
verlet,8250,2.78454e-08
verlet,8300,1.94914e-07
verlet,8350,9.85569e-09
verlet,8400,6.26787e-07
verlet,8450,9.77524e-09
verlet,8500,3.1607e-07
verlet,8550,4.67264e-09
verlet,8600,2.52654e-08
verlet,8650,1.28347e-07
verlet,8700,1.40332e-09
verlet,8750,5.95427e-07
verlet,8800,1.34699e-08
verlet,8850,3.75312e-07
verlet,8900,6.10572e-09
verlet,8950,6.06356e-08
verlet,9000,9.62401e-08
verlet,9050,1.91975e-08
verlet,9100,5.03256e-07
verlet,9150,9.23714e-09
verlet,9200,4.71067e-07
verlet,9250,2.03448e-08
verlet,9300,5.93207e-08
verlet,9350,5.63345e-08
verlet,9400,3.843e-09
verlet,9450,4.2535e-07
verlet,9500,2.79164e-08
verlet,9550,5.31957e-07
verlet,9600,1.54081e-08
verlet,9650,1.07542e-07
verlet,9700,2.56532e-08
verlet,9750,2.42127e-08
verlet,9800,3.34239e-07
verlet,9850,1.44354e-08
verlet,9900,5.98295e-07
verlet,9950,3.72273e-08
verlet,10000,1.30595e-07
verlet,10050,1.4734e-08
verlet,10100,2.9945e-09
verlet,10150,2.52226e-07
verlet,10200,3.49642e-08
verlet,10250,6.29877e-07
verlet,10300,1.87482e-08
verlet,10350,1.93113e-07
verlet,10400,1.453e-08
verlet,10450,1.03151e-08
verlet,10500,1.95591e-07
verlet,10550,1.90483e-08
verlet,10600,6.2253e-07
verlet,10650,4.02254e-08
verlet,10700,2.55044e-07
verlet,10750,5.39979e-09
verlet,10800,1.13124e-08
verlet,10850,1.27541e-07
verlet,10900,3.07329e-08
verlet,10950,6.00914e-07
verlet,11000,1.85305e-08
verlet,11050,3.29734e-07
verlet,11100,2.94846e-08
verlet,11150,2.76531e-08
verlet,11200,1.04746e-07
verlet,11250,2.05209e-08
verlet,11300,5.22505e-07
verlet,11350,3.06706e-08
verlet,11400,4.26677e-07
verlet,11450,1.30452e-08
verlet,11500,4.92227e-08
verlet,11550,5.65511e-08
verlet,11600,1.45335e-08
verlet,11650,4.68485e-07
verlet,11700,1.56393e-08
verlet,11750,4.99133e-07
verlet,11800,2.45669e-08
verlet,11850,9.50781e-08
verlet,11900,5.25102e-08
verlet,11950,1.29091e-08
verlet,12000,3.68474e-07
verlet,12050,1.27865e-08
verlet,12100,5.94116e-07
verlet,12150,1.25796e-08
verlet,12200,1.23557e-07
verlet,12250,2.58844e-08
verlet,12300,1.10511e-08
verlet,12350,3.13487e-07
verlet,12400,1.18153e-08
verlet,12450,6.27443e-07
verlet,12500,9.81436e-09
verlet,12550,1.95245e-07
verlet,12600,2.08914e-08
verlet,12650,3.03591e-09
verlet,12700,2.30301e-07
verlet,12750,8.75741e-10
verlet,12800,6.60255e-07
verlet,12850,1.4562e-08
verlet,12900,2.37453e-07
verlet,12950,1.03137e-08
verlet,13000,3.3824e-08
verlet,13050,1.79113e-07
verlet,13100,1.6163e-08
verlet,13150,6.23576e-07
verlet,13200,4.97894e-09
verlet,13250,3.2249e-07
verlet,13300,9.0567e-09
verlet,13350,2.27133e-08
verlet,13400,1.24634e-07
verlet,13450,2.32421e-09
verlet,13500,5.72087e-07
verlet,13550,2.60139e-08
verlet,13600,3.86215e-07
verlet,13650,5.7398e-09
verlet,13700,5.61573e-08
verlet,13750,7.70989e-08
verlet,13800,2.47925e-08
verlet,13850,4.92726e-07
verlet,13900,1.14363e-08
verlet,13950,4.71012e-07
verlet,14000,3.27362e-08
verlet,14050,6.30099e-08
verlet,14100,5.46103e-08
verlet,14150,1.08346e-08
verlet,14200,3.98196e-07
verlet,14250,3.37681e-08
verlet,14300,5.46259e-07
verlet,14350,1.6957e-08
verlet,14400,1.02608e-07
verlet,14450,1.39697e-08
verlet,14500,2.10085e-08
verlet,14550,3.26716e-07
verlet,14600,1.94213e-08
verlet,14650,5.94932e-07
verlet,14700,4.0716e-08
verlet,14750,1.44061e-07
verlet,14800,1.38596e-08
verlet,14850,1.05219e-08
verlet,14900,2.34054e-07
verlet,14950,3.14527e-08
verlet,15000,6.385e-07
verlet,15050,2.24448e-08
verlet,15100,1.94533e-07
verlet,15150,1.6105e-08
verlet,15200,6.75804e-10
verlet,15250,1.90776e-07
verlet,15300,2.51058e-08
verlet,15350,6.1456e-07
verlet,15400,3.44049e-08
verlet,15450,2.75576e-07
verlet,15500,8.18123e-09
verlet,15550,7.16894e-09
verlet,15600,1.21794e-07
verlet,15650,1.99581e-08
verlet,15700,5.97939e-07
verlet,15750,2.30102e-08
verlet,15800,3.41194e-07
verlet,15850,2.1443e-08
verlet,15900,4.27582e-08
verlet,15950,1.00449e-07
verlet,16000,2.33972e-08
verlet,16050,5.15188e-07
verlet,16100,1.78991e-08
verlet,16150,4.4773e-07
verlet,16200,1.66659e-08
verlet,16250,5.32015e-08
verlet,16300,6.22206e-08
verlet,16350,9.6187e-10
verlet,16400,4.57687e-07
verlet,16450,1.791e-08
verlet,16500,5.17519e-07
verlet,16550,1.0916e-08
verlet,16600,1.09559e-07
verlet,16650,4.72736e-08
verlet,16700,1.14433e-08
verlet,16750,3.65811e-07
verlet,16800,6.01893e-10
verlet,16850,6.04236e-07
verlet,16900,1.78553e-08
verlet,16950,1.33754e-07
verlet,17000,3.38681e-08
verlet,17050,1.71246e-08
verlet,17100,2.95788e-07
verlet,17150,1.49037e-08
verlet,17200,6.38644e-07
verlet,17250,2.61319e-09
verlet,17300,2.00051e-07
verlet,17350,9.41149e-09
verlet,17400,3.23453e-09
verlet,17450,2.25929e-07
verlet,17500,5.80115e-10
verlet,17550,6.47324e-07
verlet,17600,2.47225e-08
verlet,17650,2.47984e-07
verlet,17700,1.00098e-08
verlet,17750,2.65953e-08
verlet,17800,1.57098e-07
verlet,17850,2.09515e-08
verlet,17900,6.19294e-07
verlet,17950,8.95451e-09
verlet,18000,3.20552e-07
verlet,18050,2.17574e-08
verlet,18100,2.4621e-08
verlet,18150,1.18957e-07
verlet,18200,1.20394e-08
verlet,18250,5.46364e-07
verlet,18300,3.24503e-08
verlet,18350,4.0104e-07
verlet,18400,1.09735e-08
verlet,18450,4.59693e-08
verlet,18500,6.22315e-08
verlet,18550,2.28836e-08
verlet,18600,4.82554e-07
verlet,18650,1.95825e-08
verlet,18700,4.71726e-07
verlet,18750,3.69145e-08
verlet,18800,7.23313e-08
verlet,18850,4.94194e-08
verlet,18900,2.09853e-08
verlet,18950,3.77255e-07
verlet,19000,3.10921e-08
verlet,19050,5.60964e-07
verlet,19100,2.43389e-08
verlet,19150,9.89229e-08
verlet,19200,1.06371e-08
verlet,19250,1.19312e-08
verlet,19300,3.16256e-07
verlet,19350,2.74302e-08
verlet,19400,5.96979e-07
verlet,19450,3.55566e-08
verlet,19500,1.59298e-07
verlet,19550,7.99774e-09
verlet,19600,1.6234e-08
verlet,19650,2.25029e-07
verlet,19700,2.19298e-08
verlet,19750,6.42666e-07
verlet,19800,2.96041e-08
verlet,19850,2.02249e-07
verlet,19900,8.95173e-09
verlet,19950,1.30761e-08
verlet,20000,1.81356e-07
verlet,20050,2.87297e-08
verlet,20100,6.15127e-07
verlet,20150,2.22391e-08
verlet,20200,2.93205e-07
verlet,20250,1.31686e-08
verlet,20300,1.03942e-08
verlet,20350,1.25712e-07
verlet,20400,7.5713e-09
verlet,20450,5.8955e-07
verlet,20500,2.55408e-08
verlet,20550,3.61422e-07
verlet,20600,7.36476e-09
verlet,20650,5.50954e-08
verlet,20700,9.42712e-08
verlet,20750,1.95256e-08
verlet,20800,5.16086e-07
verlet,20850,4.38754e-09
verlet,20900,4.63305e-07
verlet,20950,1.87385e-08
verlet,21000,6.54058e-08
verlet,21050,7.26233e-08
verlet,21100,7.29038e-09
verlet,21150,4.41478e-07
verlet,21200,1.6726e-08
verlet,21250,5.41036e-07
verlet,21300,3.25081e-10
verlet,21350,1.15473e-07
verlet,21400,4.02804e-08
verlet,21450,5.43334e-09
verlet,21500,3.63877e-07
verlet,21550,2.64018e-09
verlet,21600,6.05801e-07
verlet,21650,2.21289e-08
verlet,21700,1.46691e-07
verlet,21750,3.64021e-08
verlet,21800,1.17875e-08
verlet,21850,2.73957e-07
verlet,21900,1.5991e-08
verlet,21950,6.47633e-07
verlet,22000,5.29157e-09
verlet,22050,1.97225e-07
verlet,22100,6.00052e-10
verlet,22150,6.73039e-09
verlet,22200,2.17707e-07
verlet,22250,9.2708e-09
verlet,22300,6.31647e-07
verlet,22350,2.96238e-08
verlet,22400,2.61015e-07
verlet,22450,3.17554e-09
verlet,22500,1.43056e-08
verlet,22550,1.39432e-07
verlet,22600,1.97666e-08
verlet,22650,6.12948e-07
verlet,22700,1.90571e-08
verlet,22750,3.20663e-07
verlet,22800,2.58203e-08
verlet,22850,3.15037e-08
verlet,22900,1.0933e-07
verlet,22950,2.39312e-08
verlet,23000,5.27474e-07
verlet,23050,3.00461e-08
verlet,23100,4.16597e-07
verlet,23150,2.09069e-08
verlet,23200,3.8862e-08
verlet,23250,5.64765e-08
verlet,23300,1.58612e-08
verlet,23350,4.68803e-07
verlet,23400,2.91221e-08
verlet,23450,4.7989e-07
verlet,23500,3.21894e-08
verlet,23550,8.28212e-08
verlet,23600,4.00939e-08
verlet,23650,2.76764e-08
verlet,23700,3.6586e-07
verlet,23750,2.28405e-08
verlet,23800,5.71813e-07
verlet,23850,3.33172e-08
verlet,23900,1.02561e-07
verlet,23950,1.55177e-08
verlet,24000,2.6592e-09
verlet,24050,3.01161e-07
verlet,24100,3.20515e-08
verlet,24150,6.07831e-07
verlet,24200,2.47907e-08
verlet,24250,1.71166e-07
verlet,24300,6.50044e-10
verlet,24350,1.42659e-08
verlet,24400,2.25099e-07
verlet,24450,1.18301e-08
verlet,24500,6.41505e-07
verlet,24550,3.3321e-08
verlet,24600,2.19001e-07
verlet,24650,2.6858e-09
verlet,24700,2.14079e-08
verlet,24750,1.70964e-07
verlet,24800,2.4687e-08
verlet,24850,6.23162e-07
verlet,24900,1.02265e-08
verlet,24950,3.0614e-07
verlet,25000,1.50469e-08
verlet,25050,2.23394e-08
verlet,25100,1.34166e-07
verlet,25150,5.19363e-11
verlet,25200,5.77565e-07
verlet,25250,2.26655e-08
verlet,25300,3.87485e-07
verlet,25350,3.84415e-09
verlet,25400,5.98507e-08
verlet,25450,8.84542e-08
verlet,25500,1.00541e-08
verlet,25550,5.17285e-07
verlet,25600,3.66301e-10
verlet,25650,4.72218e-07
verlet,25700,1.88787e-08
verlet,25750,7.98754e-08
verlet,25800,7.61955e-08
verlet,25850,3.68903e-09
verlet,25900,4.21187e-07
verlet,25950,1.4548e-08
verlet,26000,5.59877e-07
verlet,26050,1.95521e-09
verlet,26100,1.11345e-07
verlet,26150,3.2276e-08
verlet,26200,1.1412e-10
verlet,26250,3.52922e-07
verlet,26300,7.51669e-09
verlet,26350,6.01492e-07
verlet,26400,2.58142e-08
verlet,26450,1.5628e-07
verlet,26500,2.711e-08
verlet,26550,2.1215e-09
verlet,26600,2.52756e-07
verlet,26650,1.63469e-08
verlet,26700,6.48117e-07
verlet,26750,1.87754e-08
verlet,26800,1.9285e-07
verlet,26850,6.15103e-09
verlet,26900,1.04323e-08
verlet,26950,2.01418e-07
verlet,27000,2.41089e-08
verlet,27050,6.19354e-07
verlet,27100,2.92458e-08
verlet,27150,2.71192e-07
verlet,27200,1.05932e-08
verlet,27250,3.7565e-09
verlet,27300,1.29156e-07
verlet,27350,1.65281e-08
verlet,27400,5.99302e-07
verlet,27450,3.19213e-08
verlet,27500,3.27396e-07
verlet,27550,2.31489e-08
verlet,27600,3.66727e-08
verlet,27650,9.4383e-08
verlet,27700,3.27492e-08
verlet,27750,5.16326e-07
verlet,27800,2.4585e-08
verlet,27850,4.2683e-07
verlet,27900,3.24879e-08
verlet,27950,3.88131e-08
verlet,28000,5.74651e-08
verlet,28050,1.11151e-08
verlet,28100,4.48648e-07
verlet,28150,3.58981e-08
verlet,28200,4.96106e-07
verlet,28250,2.39979e-08
verlet,28300,8.83672e-08
verlet,28350,2.9199e-08
verlet,28400,2.73858e-08
verlet,28450,3.61502e-07
verlet,28500,1.61295e-08
verlet,28550,5.76993e-07
verlet,28600,3.8647e-08
verlet,28650,1.15035e-07
verlet,28700,2.34423e-08
verlet,28750,6.71485e-10
verlet,28800,2.8458e-07
verlet,28850,2.92184e-08
verlet,28900,6.25261e-07
verlet,28950,1.55508e-08
verlet,29000,1.78348e-07
verlet,29050,2.65052e-09
verlet,29100,3.43231e-09
verlet,29150,2.28889e-07
verlet,29200,6.78009e-09
verlet,29250,6.38142e-07
verlet,29300,2.98359e-08
verlet,29350,2.42622e-07
verlet,29400,1.17409e-08
verlet,29450,2.36118e-08
verlet,29500,1.63321e-07
verlet,29550,1.34225e-08
verlet,29600,6.31959e-07
verlet,29650,5.09157e-09
verlet,29700,3.16091e-07
verlet,29750,1.20877e-08
verlet,29800,3.84469e-08
verlet,29850,1.37524e-07
verlet,29900,1.53859e-09
verlet,29950,5.64365e-07
verlet,30000,1.60224e-08
verlet,30050,4.11288e-07
verlet,30100,3.20221e-09
verlet,30150,5.66181e-08
verlet,30200,8.32222e-08
verlet,30250,6.04256e-10
verlet,30300,5.09016e-07
verlet,30350,7.19985e-09
verlet,30400,4.77438e-07
verlet,30450,1.83053e-08
verlet,30500,8.95838e-08
verlet,30550,6.69532e-08
verlet,30600,8.06909e-09
verlet,30650,4.01368e-07
verlet,30700,1.26098e-08
verlet,30750,5.68931e-07
verlet,30800,1.58186e-08
verlet,30850,1.05235e-07
verlet,30900,2.74272e-08
verlet,30950,3.44053e-09
verlet,31000,3.32836e-07
verlet,31050,2.20906e-08
verlet,31100,6.00703e-07
verlet,31150,2.51218e-08
verlet,31200,1.62046e-07
verlet,31250,1.17397e-08
verlet,31300,1.28548e-08
verlet,31350,2.39857e-07
verlet,31400,1.42405e-08
verlet,31450,6.42073e-07
verlet,31500,3.31405e-08
verlet,31550,1.96712e-07
verlet,31600,4.02096e-09
verlet,31650,1.30335e-08
verlet,31700,1.82151e-07
verlet,31750,3.28858e-08
verlet,31800,6.16615e-07
verlet,31850,2.46139e-08
verlet,31900,2.77885e-07
verlet,31950,2.2888e-08
verlet,32000,3.17012e-09
verlet,32050,1.27769e-07
verlet,32100,1.38184e-08
verlet,32150,5.81718e-07
verlet,32200,3.91809e-08
verlet,32250,3.44347e-07
verlet,32300,1.6029e-08
verlet,32350,3.87665e-08
verlet,32400,8.13426e-08
verlet,32450,3.1874e-08
verlet,32500,5.13078e-07
verlet,32550,1.95759e-08
verlet,32600,4.34669e-07
verlet,32650,3.75498e-08
verlet,32700,4.95964e-08
verlet,32750,6.31068e-08
verlet,32800,1.02154e-08
verlet,32850,4.29313e-07
verlet,32900,3.34908e-08
verlet,32950,5.20385e-07
verlet,33000,1.63837e-08
verlet,33050,9.16069e-08
verlet,33100,2.50862e-08
verlet,33150,1.64945e-08
verlet,33200,3.61588e-07
verlet,33250,1.30073e-08
verlet,33300,5.83249e-07
verlet,33350,3.42162e-08
verlet,33400,1.3589e-07
verlet,33450,3.03889e-08
verlet,33500,1.02699e-09
verlet,33550,2.73947e-07
verlet,33600,1.73198e-08
verlet,33650,6.44476e-07
verlet,33700,1.08495e-08
verlet,33750,1.8664e-07
verlet,33800,2.40648e-09
verlet,33850,1.39062e-08
verlet,33900,2.30042e-07
verlet,33950,6.76646e-09
verlet,34000,6.37439e-07
verlet,34050,1.93227e-08
verlet,34100,2.66872e-07
verlet,34150,1.28535e-08
verlet,34200,2.24654e-08
verlet,34250,1.59587e-07
verlet,34300,3.39445e-10
verlet,34350,6.32581e-07
verlet,34400,9.13154e-09
verlet,34450,3.2607e-07
verlet,34500,6.3138e-09
verlet,34550,5.03369e-08
verlet,34600,1.28844e-07
verlet,34650,9.46777e-09
verlet,34700,5.51917e-07
verlet,34750,1.01565e-08
verlet,34800,4.24882e-07
verlet,34850,8.92334e-09
verlet,34900,5.11232e-08
verlet,34950,7.90646e-08
verlet,35000,3.53038e-09
verlet,35050,4.88613e-07
verlet,35100,2.03893e-08
verlet,35150,4.84622e-07
verlet,35200,1.6831e-08
verlet,35250,9.17346e-08
verlet,35300,4.9629e-08
verlet,35350,1.86027e-08
verlet,35400,3.86536e-07
verlet,35450,1.18918e-08
verlet,35500,5.69495e-07
verlet,35550,3.16832e-08
verlet,35600,1.04969e-07
verlet,35650,2.68115e-08
verlet,35700,2.44898e-09
verlet,35750,3.08027e-07
verlet,35800,3.20008e-08
verlet,35850,6.07465e-07
verlet,35900,2.29177e-08
verlet,35950,1.62317e-07
verlet,36000,3.07977e-09
verlet,36050,1.52157e-08
verlet,36100,2.3354e-07
verlet,36150,1.50559e-08
verlet,36200,6.31423e-07
verlet,36250,4.22649e-08
verlet,36300,2.087e-07
verlet,36350,8.99596e-10
verlet,36400,1.01992e-08
verlet,36450,1.64177e-07
verlet,36500,3.32688e-08
yoshida4,0,3.34901e-13
yoshida4,50,1.91758e-09
yoshida4,100,3.40643e-11
yoshida4,150,5.16386e-10
yoshida4,200,3.16049e-10
yoshida4,250,7.55839e-11
yoshida4,300,1.47241e-09
yoshida4,350,2.46728e-12
yoshida4,400,2.10653e-09
yoshida4,450,2.58281e-11
yoshida4,500,6.6601e-10
yoshida4,550,2.30773e-10
yoshida4,600,1.07797e-10
yoshida4,650,1.22346e-09
yoshida4,700,2.37336e-12
yoshida4,750,2.20905e-09
yoshida4,800,1.17856e-11
yoshida4,850,8.60465e-10
yoshida4,900,1.76335e-10
yoshida4,950,1.43082e-10
yoshida4,1000,9.77701e-10
yoshida4,1050,1.01356e-11
yoshida4,1100,2.24186e-09
yoshida4,1150,5.23762e-12
yoshida4,1200,1.0745e-09
yoshida4,1250,1.26604e-10
yoshida4,1300,2.01226e-10
yoshida4,1350,7.75682e-10
yoshida4,1400,1.44742e-11
yoshida4,1450,2.17267e-09
yoshida4,1500,2.26053e-12
yoshida4,1550,1.33029e-09
yoshida4,1600,9.17759e-11
yoshida4,1650,2.60599e-10
yoshida4,1700,5.98856e-10
yoshida4,1750,3.27361e-11
yoshida4,1800,2.03589e-09
yoshida4,1850,5.08241e-12
yoshida4,1900,1.58202e-09
yoshida4,1950,6.67149e-11
yoshida4,2000,3.55317e-10
yoshida4,2050,4.59535e-10
yoshida4,2100,4.09709e-11
yoshida4,2150,1.82573e-09
yoshida4,2200,6.12293e-13
yoshida4,2250,1.83356e-09
yoshida4,2300,4.12586e-11
yoshida4,2350,4.59333e-10
yoshida4,2400,3.50941e-10
yoshida4,2450,6.96327e-11
yoshida4,2500,1.57954e-09
yoshida4,2550,6.05269e-12
yoshida4,2600,2.03649e-09
yoshida4,2650,3.22846e-11
yoshida4,2700,6.05403e-10
yoshida4,2750,2.59964e-10
yoshida4,2800,8.99494e-11
yoshida4,2850,1.32295e-09
yoshida4,2900,4.74174e-12
yoshida4,2950,2.17808e-09
yoshida4,3000,1.27427e-11
yoshida4,3050,7.76334e-10
yoshida4,3100,1.99885e-10
yoshida4,3150,1.30869e-10
yoshida4,3200,1.07035e-09
yoshida4,3250,2.80954e-12
yoshida4,3300,2.24056e-09
yoshida4,3350,1.21102e-11
yoshida4,3400,9.85234e-10
yoshida4,3450,1.40843e-10
yoshida4,3500,1.7447e-10
yoshida4,3550,8.56158e-10
yoshida4,3600,1.55302e-11
yoshida4,3650,2.20803e-09
yoshida4,3700,8.4153e-13
yoshida4,3750,1.22656e-09
yoshida4,3800,1.09136e-10
yoshida4,3850,2.34904e-10
yoshida4,3900,6.61111e-10
yoshida4,3950,2.3213e-11
yoshida4,4000,2.10316e-09
yoshida4,4050,7.06614e-13
yoshida4,4100,1.47875e-09
yoshida4,4150,7.19933e-11
yoshida4,4200,3.15963e-10
yoshida4,4250,5.16011e-10
yoshida4,4300,3.72894e-11
yoshida4,4350,1.91177e-09
yoshida4,4400,3.69027e-12
yoshida4,4450,1.74035e-09
yoshida4,4500,5.37093e-11
yoshida4,4550,4.11673e-10
yoshida4,4600,3.8729e-10
yoshida4,4650,5.88691e-11
yoshida4,4700,1.68557e-09
yoshida4,4750,3.48412e-12
yoshida4,4800,1.95802e-09
yoshida4,4850,3.35685e-11
yoshida4,4900,5.47046e-10
yoshida4,4950,2.96725e-10
yoshida4,5000,7.81741e-11
yoshida4,5050,1.4215e-09
yoshida4,5100,1.54615e-12
yoshida4,5150,2.13476e-09
yoshida4,5200,1.99983e-11
yoshida4,5250,6.99531e-10
yoshida4,5300,2.2026e-10
yoshida4,5350,1.17314e-10
yoshida4,5400,1.17189e-09
yoshida4,5450,5.26329e-13
yoshida4,5500,2.22169e-09
yoshida4,5550,1.34368e-11
yoshida4,5600,9.0208e-10
yoshida4,5650,1.62709e-10
yoshida4,5700,1.51233e-10
yoshida4,5750,9.36565e-10
yoshida4,5800,1.40607e-11
yoshida4,5850,2.23424e-09
yoshida4,5900,1.08549e-12
yoshida4,5950,1.12312e-09
yoshida4,6000,1.22013e-10
yoshida4,6050,2.13357e-10
yoshida4,6100,7.34919e-10
yoshida4,6150,1.55483e-11
yoshida4,6200,2.15332e-09
yoshida4,6250,3.7649e-12
yoshida4,6300,1.37944e-09
yoshida4,6350,8.27811e-11
yoshida4,6400,2.77391e-10
yoshida4,6450,5.71651e-10
yoshida4,6500,3.56593e-11
yoshida4,6550,1.9957e-09
yoshida4,6600,6.56986e-12
yoshida4,6650,1.63607e-09
yoshida4,6700,6.42711e-11
yoshida4,6750,3.73092e-10
yoshida4,6800,4.32316e-10
yoshida4,6850,4.59763e-11
yoshida4,6900,1.78236e-09
yoshida4,6950,5.95777e-13
yoshida4,7000,1.87588e-09
yoshida4,7050,3.6665e-11
yoshida4,7100,4.87794e-10
yoshida4,7150,3.34106e-10
yoshida4,7200,7.22575e-11
yoshida4,7250,1.52526e-09
yoshida4,7300,4.39609e-12
yoshida4,7350,2.07414e-09
yoshida4,7400,2.93562e-11
yoshida4,7450,6.33963e-10
yoshida4,7500,2.44283e-10
yoshida4,7550,9.93773e-11
yoshida4,7600,1.27408e-09
yoshida4,7650,3.28035e-12
yoshida4,7700,2.19388e-09
yoshida4,7750,1.19456e-11
yoshida4,7800,8.18549e-10
yoshida4,7850,1.8839e-10
yoshida4,7900,1.35864e-10
yoshida4,7950,1.02276e-09
yoshida4,8000,7.12206e-12
yoshida4,8050,2.24378e-09
yoshida4,8100,8.18487e-12
yoshida4,8150,1.02801e-09
yoshida4,8200,1.33423e-10
yoshida4,8250,1.88721e-10
yoshida4,8300,8.15856e-10
yoshida4,8350,1.40543e-11
yoshida4,8400,2.1913e-09
yoshida4,8450,1.20369e-12
yoshida4,8500,1.27927e-09
yoshida4,8550,9.98157e-11
yoshida4,8600,2.4634e-10
yoshida4,8650,6.29307e-10
yoshida4,8700,2.91133e-11
yoshida4,8750,2.07149e-09
yoshida4,8800,3.24931e-12
yoshida4,8850,1.53012e-09
yoshida4,8900,6.97324e-11
yoshida4,8950,3.36282e-10
yoshida4,9000,4.86834e-10
yoshida4,9050,3.8082e-11
yoshida4,9100,1.86974e-09
yoshida4,9150,5.30309e-13
yoshida4,9200,1.78815e-09
yoshida4,9250,4.62664e-11
yoshida4,9300,4.34182e-10
yoshida4,9350,3.69315e-10
yoshida4,9400,6.53106e-11
yoshida4,9450,1.63281e-09
yoshida4,9500,5.90882e-12
yoshida4,9550,1.99812e-09
yoshida4,9600,3.38697e-11
yoshida4,9650,5.75936e-10
yoshida4,9700,2.7699e-10
yoshida4,9750,8.32709e-11
yoshida4,9800,1.37298e-09
yoshida4,9850,4.16566e-12
yoshida4,9900,2.15727e-09
yoshida4,9950,1.51251e-11
yoshida4,10000,7.3704e-10
yoshida4,10050,2.10857e-10
yoshida4,10100,1.24368e-10
yoshida4,10150,1.11974e-09
yoshida4,10200,1.04967e-12
yoshida4,10250,2.23335e-09
yoshida4,10300,1.36273e-11
yoshida4,10350,9.42355e-10
yoshida4,10400,1.50411e-10
yoshida4,10450,1.62635e-10
yoshida4,10500,8.96851e-10
yoshida4,10550,1.52594e-11
yoshida4,10600,2.22197e-09
yoshida4,10650,7.24922e-13
yoshida4,10700,1.17499e-09
yoshida4,10750,1.16353e-10
yoshida4,10800,2.2343e-10
yoshida4,10850,6.96329e-10
yoshida4,10900,1.94406e-11
yoshida4,10950,2.13139e-09
yoshida4,11000,2.48041e-12
yoshida4,11050,1.42821e-09
yoshida4,11100,7.65006e-11
yoshida4,11150,2.96994e-10
yoshida4,11200,5.44279e-10
yoshida4,11250,3.6016e-11
yoshida4,11300,1.95419e-09
yoshida4,11350,5.18151e-12
yoshida4,11400,1.69e-09
yoshida4,11450,5.91077e-11
yoshida4,11500,3.90778e-10
yoshida4,11550,4.08737e-10
yoshida4,11600,5.31833e-11
yoshida4,11650,1.73566e-09
yoshida4,11700,1.93259e-12
yoshida4,11750,1.91679e-09
yoshida4,11800,3.49505e-11
yoshida4,11850,5.17814e-10
yoshida4,11900,3.1542e-10
yoshida4,11950,7.4176e-11
yoshida4,12000,1.47278e-09
yoshida4,12050,6.88705e-13
yoshida4,12100,2.10662e-09
yoshida4,12150,2.40167e-11
yoshida4,12200,6.64901e-10
yoshida4,12250,2.3204e-10
yoshida4,12300,1.09466e-10
yoshida4,12350,1.22309e-09
yoshida4,12400,8.88691e-13
yoshida4,12450,2.20871e-09
yoshida4,12500,1.32858e-11
yoshida4,12550,8.60672e-10
yoshida4,12600,1.74736e-10
yoshida4,12650,1.42342e-10
yoshida4,12700,9.79255e-10
yoshida4,12750,1.17884e-11
yoshida4,12800,2.24106e-09
yoshida4,12850,3.4493e-12
yoshida4,12900,1.07457e-09
yoshida4,12950,1.28224e-10
yoshida4,13000,2.01796e-10
yoshida4,13050,7.74296e-10
yoshida4,13100,1.38469e-11
yoshida4,13150,2.17429e-09
yoshida4,13200,3.49069e-12
yoshida4,13250,1.32945e-09
yoshida4,13300,9.00443e-11
yoshida4,13350,2.60926e-10
yoshida4,13400,6.00714e-10
yoshida4,13450,3.34192e-11
yoshida4,13500,2.03479e-09
yoshida4,13550,6.05189e-12
yoshida4,13600,1.58329e-09
yoshida4,13650,6.79596e-11
yoshida4,13700,3.54522e-10
yoshida4,13750,4.58078e-10
yoshida4,13800,4.14718e-11
yoshida4,13850,1.82784e-09
yoshida4,13900,9.25305e-13
yoshida4,13950,1.83197e-09
yoshida4,14000,4.02525e-11
yoshida4,14050,4.6052e-10
yoshida4,14100,3.52457e-10
yoshida4,14150,6.90196e-11
yoshida4,14200,1.57814e-09
yoshida4,14250,5.71759e-12
yoshida4,14300,2.03789e-09
yoshida4,14350,3.23902e-11
yoshida4,14400,6.03564e-10
yoshida4,14450,2.59248e-10
yoshida4,14500,9.14352e-11
yoshida4,14550,1.32439e-09
yoshida4,14600,3.94399e-12
yoshida4,14650,2.17599e-09
yoshida4,14700,1.27939e-11
yoshida4,14750,7.77779e-10
yoshida4,14800,2.00224e-10
yoshida4,14850,1.29404e-10
yoshida4,14900,1.06979e-09
yoshida4,14950,4.25959e-12
yoshida4,15000,2.24184e-09
yoshida4,15050,1.09274e-11
yoshida4,15100,9.835e-10
yoshida4,15150,1.41098e-10
yoshida4,15200,1.76289e-10
yoshida4,15250,8.56745e-10
yoshida4,15300,1.40429e-11
yoshida4,15350,2.20777e-09
yoshida4,15400,2.37594e-13
yoshida4,15450,1.22796e-09
yoshida4,15500,1.08017e-10
yoshida4,15550,2.33419e-10
yoshida4,15600,6.61768e-10
yoshida4,15650,2.51697e-11
yoshida4,15700,2.10396e-09
yoshida4,15750,1.14141e-12
yoshida4,15800,1.47811e-09
yoshida4,15850,7.31029e-11
yoshida4,15900,3.17287e-10
yoshida4,15950,5.15236e-10
yoshida4,16000,3.59959e-11
yoshida4,16050,1.91244e-09
yoshida4,16100,2.08144e-12
yoshida4,16150,1.74035e-09
yoshida4,16200,5.18348e-11
yoshida4,16250,4.10914e-10
yoshida4,16300,3.88785e-10
yoshida4,16350,6.0431e-11
yoshida4,16400,1.68488e-09
yoshida4,16450,5.03843e-12
yoshida4,16500,1.95791e-09
yoshida4,16550,3.50621e-11
yoshida4,16600,5.47165e-10
yoshida4,16650,2.95139e-10
yoshida4,16700,7.7719e-11
yoshida4,16750,1.42307e-09
yoshida4,16800,2.90088e-12
yoshida4,16850,2.13338e-09
yoshida4,16900,1.82773e-11
yoshida4,16950,6.9989e-10
yoshida4,17000,2.22017e-10
yoshida4,17050,1.17712e-10
yoshida4,17100,1.17045e-09
yoshida4,17150,2.74607e-14
yoshida4,17200,2.22316e-09
yoshida4,17250,1.44525e-11
yoshida4,17300,9.00893e-10
yoshida4,17350,1.61195e-10
yoshida4,17400,1.51863e-10
yoshida4,17450,9.38553e-10
yoshida4,17500,1.44007e-11
yoshida4,17550,2.23311e-09
yoshida4,17600,2.35207e-13
yoshida4,17650,1.12442e-09
yoshida4,17700,1.23199e-10
yoshida4,17750,2.12444e-10
yoshida4,17800,7.33744e-10
yoshida4,17850,1.62655e-11
yoshida4,17900,2.15564e-09
yoshida4,17950,3.68251e-12
yoshida4,18000,1.37781e-09
yoshida4,18050,8.20793e-11
yoshida4,18100,2.78871e-10
yoshida4,18150,5.73091e-10
yoshida4,18200,3.48344e-11
yoshida4,18250,1.99441e-09
yoshida4,18300,6.15238e-12
yoshida4,18350,1.63766e-09
yoshida4,18400,6.41988e-11
yoshida4,18450,3.71419e-10
yoshida4,18500,4.31927e-10
yoshida4,18550,4.77073e-11
yoshida4,18600,1.78335e-09
yoshida4,18650,5.39264e-13
yoshida4,18700,1.874e-09
yoshida4,18750,3.70225e-11
yoshida4,18800,4.8946e-10
yoshida4,18850,3.34316e-10
yoshida4,18900,7.08758e-11
yoshida4,18950,1.52468e-09
yoshida4,19000,2.91063e-12
yoshida4,19050,2.07493e-09
yoshida4,19100,2.80252e-11
yoshida4,19150,6.32492e-10
yoshida4,19200,2.4495e-10
yoshida4,19250,1.01337e-10
yoshida4,19300,1.27443e-09
yoshida4,19350,1.67928e-12
yoshida4,19400,2.19342e-09
yoshida4,19450,1.31588e-11
yoshida4,19500,8.19644e-10
yoshida4,19550,1.87242e-10
yoshida4,19600,1.34624e-10
yoshida4,19650,1.02386e-09
yoshida4,19700,9.00511e-12
yoshida4,19750,2.24415e-09
yoshida4,19800,6.2467e-12
yoshida4,19850,1.02743e-09
yoshida4,19900,1.34846e-10
yoshida4,19950,1.89957e-10
yoshida4,20000,8.15086e-10
yoshida4,20050,1.28659e-11
yoshida4,20100,2.19236e-09
yoshida4,20150,2.71681e-12
yoshida4,20200,1.27904e-09
yoshida4,20250,9.80268e-11
yoshida4,20300,2.45948e-10
yoshida4,20350,6.31093e-10
yoshida4,20400,3.04992e-11
yoshida4,20450,2.07071e-09
yoshida4,20500,4.77238e-12
yoshida4,20550,1.53046e-09
yoshida4,20600,7.13058e-11
yoshida4,20650,3.36293e-10
yoshida4,20700,4.8531e-10
yoshida4,20750,3.79065e-11
yoshida4,20800,1.87128e-09
yoshida4,20850,4.94292e-13
yoshida4,20900,1.78659e-09
yoshida4,20950,4.47304e-11
yoshida4,21000,4.3492e-10
yoshida4,21050,3.71157e-10
yoshida4,21100,6.55359e-11
yoshida4,21150,1.63111e-09
yoshida4,21200,6.31436e-12
yoshida4,21250,1.99944e-09
yoshida4,21300,3.4754e-11
yoshida4,21350,5.74651e-10
yoshida4,21400,2.75739e-10
yoshida4,21450,8.42443e-11
yoshida4,21500,1.37497e-09
yoshida4,21550,4.12746e-12
yoshida4,21600,2.15583e-09
yoshida4,21650,1.45084e-11
yoshida4,21700,7.38446e-10
yoshida4,21750,2.11977e-10
yoshida4,21800,1.23358e-10
yoshida4,21850,1.11891e-09
yoshida4,21900,1.90056e-12
yoshida4,21950,2.23566e-09
yoshida4,22000,1.32225e-11
yoshida4,22050,9.40618e-10
yoshida4,22100,1.50042e-10
yoshida4,22150,1.6431e-10
yoshida4,22200,8.98247e-10
yoshida4,22250,1.41789e-11
yoshida4,22300,2.22102e-09
yoshida4,22350,2.167e-13
yoshida4,22400,1.17662e-09
yoshida4,22450,1.16124e-10
yoshida4,22500,2.21853e-10
yoshida4,22550,6.96208e-10
yoshida4,22600,2.12356e-11
yoshida4,22650,2.13216e-09
yoshida4,22700,1.00351e-12
yoshida4,22750,1.42671e-09
yoshida4,22800,7.71426e-11
yoshida4,22850,2.98739e-10
yoshida4,22900,5.44226e-10
yoshida4,22950,3.45865e-11
yoshida4,23000,1.95351e-09
yoshida4,23050,3.74559e-12
yoshida4,23100,1.69065e-09
yoshida4,23150,5.7621e-11
yoshida4,23200,3.89592e-10
yoshida4,23250,4.09676e-10
yoshida4,23300,5.51169e-11
yoshida4,23350,1.73537e-09
yoshida4,23400,3.72629e-12
yoshida4,23450,1.91623e-09
yoshida4,23500,3.62807e-11
yoshida4,23550,5.18736e-10
yoshida4,23600,3.14183e-10
yoshida4,23650,7.31528e-11
yoshida4,23700,1.474e-09
yoshida4,23750,9.46995e-13
yoshida4,23800,2.10622e-09
yoshida4,23850,2.20521e-11
yoshida4,23900,6.64502e-10
yoshida4,23950,2.33708e-10
yoshida4,24000,1.10556e-10
yoshida4,24050,1.22231e-09
yoshida4,24100,3.23757e-13
yoshida4,24150,2.20972e-09
yoshida4,24200,1.46676e-11
yoshida4,24250,8.60102e-10
yoshida4,24300,1.73041e-10
yoshida4,24350,1.42235e-10
yoshida4,24400,9.81345e-10
yoshida4,24450,1.28176e-11
yoshida4,24500,2.24018e-09
yoshida4,24550,1.97239e-12
yoshida4,24600,1.07519e-09
yoshida4,24650,1.29821e-10
yoshida4,24700,2.01598e-10
yoshida4,24750,7.72811e-10
yoshida4,24800,1.38167e-11
yoshida4,24850,2.17594e-09
yoshida4,24900,4.13601e-12
yoshida4,24950,1.32785e-09
yoshida4,25000,8.87148e-11
yoshida4,25050,2.61943e-10
yoshida4,25100,6.02451e-10
yoshida4,25150,3.33303e-11
yoshida4,25200,2.03279e-09
yoshida4,25250,6.40808e-12
yoshida4,25300,1.58468e-09
yoshida4,25350,6.86865e-11
yoshida4,25400,3.53206e-10
yoshida4,25450,4.57007e-10
yoshida4,25500,4.26472e-11
yoshida4,25550,1.82945e-09
yoshida4,25600,4.32804e-13
yoshida4,25650,1.83019e-09
yoshida4,25700,3.99121e-11
yoshida4,25750,4.62115e-10
yoshida4,25800,3.53463e-10
yoshida4,25850,6.78907e-11
yoshida4,25900,1.57747e-09
yoshida4,25950,4.80601e-12
yoshida4,26000,2.03976e-09
yoshida4,26050,3.17485e-11
yoshida4,26100,6.01835e-10
yoshida4,26150,2.59282e-10
yoshida4,26200,9.32896e-11
yoshida4,26250,1.32574e-09
yoshida4,26300,2.5807e-12
yoshida4,26350,2.17519e-09
yoshida4,26400,1.34917e-11
yoshida4,26450,7.79294e-10
yoshida4,26500,1.99867e-10
yoshida4,26550,1.27941e-10
yoshida4,26600,1.07005e-09
yoshida4,26650,6.02702e-12
yoshida4,26700,2.24259e-09
yoshida4,26750,9.24668e-12
yoshida4,26800,9.82307e-10
yoshida4,26850,1.42066e-10
yoshida4,26900,1.78058e-10
yoshida4,26950,8.56483e-10
yoshida4,27000,1.25507e-11
yoshida4,27050,2.20738e-09
yoshida4,27100,1.67112e-12
yoshida4,27150,1.22865e-09
yoshida4,27200,1.06475e-10
yoshida4,27250,2.32525e-10
yoshida4,27300,6.62927e-10
yoshida4,27350,2.69902e-11
yoshida4,27400,2.10315e-09
yoshida4,27450,2.98227e-12
yoshida4,27500,1.47793e-09
yoshida4,27550,7.46126e-11
yoshida4,27600,3.18119e-10
yoshida4,27650,5.13908e-10
yoshida4,27700,3.51783e-11
yoshida4,27750,1.91351e-09
yoshida4,27800,6.84129e-13
yoshida4,27850,1.73945e-09
yoshida4,27900,4.99969e-11
yoshida4,27950,4.10877e-10
yoshida4,28000,3.90671e-10
yoshida4,28050,6.13666e-11
yoshida4,28100,1.68393e-09
yoshida4,28150,6.21546e-12
yoshida4,28200,1.9587e-09
yoshida4,28250,3.64106e-11
yoshida4,28300,5.46416e-10
yoshida4,28350,2.93641e-10
yoshida4,28400,7.78977e-11
yoshida4,28450,1.42545e-09
yoshida4,28500,3.507e-12
yoshida4,28550,2.13216e-09
yoshida4,28600,1.69862e-11
yoshida4,28650,7.00738e-10
yoshida4,28700,2.23628e-10
yoshida4,28750,1.17292e-10
yoshida4,28800,1.16915e-09
yoshida4,28850,1.01087e-13
yoshida4,28900,2.22505e-09
yoshida4,28950,1.47842e-11
yoshida4,29000,8.99235e-10
yoshida4,29050,1.60146e-10
yoshida4,29100,1.53137e-10
yoshida4,29150,9.40116e-10
yoshida4,29200,1.39281e-11
yoshida4,29250,2.2312e-09
yoshida4,29300,9.15355e-15
yoshida4,29350,1.12605e-09
yoshida4,29400,1.2376e-10
yoshida4,29450,2.11111e-10
yoshida4,29500,7.3278e-10
yoshida4,29550,1.75521e-11
yoshida4,29600,2.15682e-09
yoshida4,29650,2.80258e-12
yoshida4,29700,1.37607e-09
yoshida4,29750,8.20387e-11
yoshida4,29800,2.80665e-10
yoshida4,29850,5.73889e-10
yoshida4,29900,3.35233e-11
yoshida4,29950,1.99354e-09
yoshida4,30000,5.19584e-12
yoshida4,30050,1.63907e-09
yoshida4,30100,6.3385e-11
yoshida4,30150,3.69809e-10
yoshida4,30200,4.32325e-10
yoshida4,30250,4.9623e-11
yoshida4,30300,1.78434e-09
yoshida4,30350,2.21377e-12
yoshida4,30400,1.87295e-09
yoshida4,30450,3.79423e-11
yoshida4,30500,4.90835e-10
yoshida4,30550,3.33828e-10
yoshida4,30600,6.94898e-11
yoshida4,30650,1.52529e-09
yoshida4,30700,1.28389e-12
yoshida4,30750,2.07534e-09
yoshida4,30800,2.62418e-11
yoshida4,30850,6.31475e-10
yoshida4,30900,2.46189e-10
yoshida4,30950,1.03011e-10
yoshida4,31000,1.27402e-09
yoshida4,31050,6.42739e-14
yoshida4,31100,2.19341e-09
yoshida4,31150,1.4593e-11
yoshida4,31200,8.20173e-10
yoshida4,31250,1.85655e-10
yoshida4,31300,1.33953e-10
yoshida4,31350,1.02511e-09
yoshida4,31400,1.0558e-11
yoshida4,31450,2.24311e-09
yoshida4,31500,4.39749e-12
yoshida4,31550,1.02769e-09
yoshida4,31600,1.36476e-10
yoshida4,31650,1.90608e-10
yoshida4,31700,8.13521e-10
yoshida4,31750,1.21496e-11
yoshida4,31800,2.19329e-09
yoshida4,31850,3.87653e-12
yoshida4,31900,1.27799e-09
yoshida4,31950,9.63509e-11
yoshida4,32000,2.46287e-10
yoshida4,32050,6.33029e-10
yoshida4,32100,3.11201e-11
yoshida4,32150,2.06928e-09
yoshida4,32200,5.87181e-12
yoshida4,32250,1.53118e-09
yoshida4,32300,7.25863e-11
yoshida4,32350,3.35418e-10
yoshida4,32400,4.84031e-10
yoshida4,32450,3.83172e-11
yoshida4,32500,1.87364e-09
yoshida4,32550,6.82338e-13
yoshida4,32600,1.7848e-09
yoshida4,32650,4.3701e-11
yoshida4,32700,4.36005e-10
yoshida4,32750,3.72793e-10
yoshida4,32800,6.48663e-11
yoshida4,32850,1.63005e-09
yoshida4,32900,6.19079e-12
yoshida4,32950,2.00125e-09
yoshida4,33000,3.48432e-11
yoshida4,33050,5.72866e-10
yoshida4,33100,2.74966e-10
yoshida4,33150,8.56983e-11
yoshida4,33200,1.3764e-09
yoshida4,33250,3.19678e-12
yoshida4,33300,2.15425e-09
yoshida4,33350,1.44883e-11
yoshida4,33400,7.40172e-10
yoshida4,33450,2.12325e-10
yoshida4,33500,1.21968e-10
yoshida4,33550,1.11801e-09
yoshida4,33600,3.20812e-12
yoshida4,33650,2.23683e-09
yoshida4,33700,1.20429e-11
yoshida4,33750,9.39133e-10
yoshida4,33800,1.503e-10
yoshida4,33850,1.66237e-10
yoshida4,33900,8.9867e-10
yoshida4,33950,1.26606e-11
yoshida4,34000,2.22004e-09
yoshida4,34050,8.04319e-13
yoshida4,34100,1.17791e-09
yoshida4,34150,1.15157e-10
yoshida4,34200,2.20442e-10
yoshida4,34250,6.96885e-10
yoshida4,34300,2.31247e-11
yoshida4,34350,2.13245e-09
yoshida4,34400,8.73567e-13
yoshida4,34450,1.42563e-09
yoshida4,34500,7.83482e-11
yoshida4,34550,3.00066e-10
yoshida4,34600,5.43675e-10
yoshida4,34650,3.32801e-11
yoshida4,34700,1.95423e-09
yoshida4,34750,2.22591e-12
yoshida4,34800,1.69052e-09
yoshida4,34850,5.58498e-11
yoshida4,34900,3.88842e-10
yoshida4,34950,4.11254e-10
yoshida4,35000,5.66527e-11
yoshida4,35050,1.73494e-09
yoshida4,35100,5.38667e-12
yoshida4,35150,1.91645e-09
yoshida4,35200,3.77821e-11
yoshida4,35250,5.19009e-10
yoshida4,35300,3.12631e-10
yoshida4,35350,7.27166e-11
yoshida4,35400,1.47544e-09
yoshida4,35450,2.17317e-12
yoshida4,35500,2.10518e-09
yoshida4,35550,2.03091e-11
yoshida4,35600,6.65081e-10
yoshida4,35650,2.3543e-10
yoshida4,35700,1.11005e-10
yoshida4,35750,1.22046e-09
yoshida4,35800,9.92961e-13
yoshida4,35850,2.21085e-09
yoshida4,35900,1.56494e-11
yoshida4,35950,8.59049e-10
yoshida4,36000,1.71529e-10
yoshida4,36050,1.4291e-10
yoshida4,36100,9.83103e-10
yoshida4,36150,1.30359e-11
yoshida4,36200,2.23832e-09
yoshida4,36250,1.04888e-12
yoshida4,36300,1.07623e-09
yoshida4,36350,1.3105e-10
yoshida4,36400,2.00663e-10
yoshida4,36450,7.71685e-10
yoshida4,36500,1.43751e-11
